source_file,temperature,rpm,vibration_total,vibration_rms,vibration_mean,vibration_peak,vibration_std,signal_rms,signal_mean,signal_peak,signal_std,signal_skewness,signal_kurtosis,spectral_energy,risk_level
2004.02.12.10.32.39,0,0,0.084661,0.084661,-0.011864,1.023,0.083825,0.084661,-0.011864,1.023,0.083825,0.132354,3.165169,48099884.56448,NORMAL
2004.02.12.10.42.39,0,0,0.086048,0.086048,-0.002848,0.752,0.086,0.086048,-0.002848,0.752,0.086,0.025643,1.726026,49688671.51872,NORMAL
2004.02.12.10.52.39,0,0,0.086336,0.086336,-0.002315,0.933,0.086305,0.086336,-0.002315,0.933,0.086305,0.081568,2.530705,50022542.5408,NORMAL
2004.02.12.11.02.39,0,0,0.08705,0.08705,-0.00289,1.016,0.087002,0.08705,-0.00289,1.016,0.087002,0.057123,2.63359,50852994.00704,NORMAL
2004.02.12.11.12.39,0,0,0.086657,0.086657,-0.001956,0.771,0.086635,0.086657,-0.001956,0.771,0.086635,0.046666,1.646792,50395059.24096,NORMAL
2004.02.12.11.22.39,0,0,0.086564,0.086564,-0.001685,0.862,0.086548,0.086564,-0.001685,0.862,0.086548,0.075192,1.98006,50287096.13568,NORMAL
2004.02.12.11.32.39,0,0,0.086173,0.086173,-0.002016,0.896,0.08615,0.086173,-0.002016,0.896,0.08615,0.117502,1.801029,49833769.28768,NORMAL
2004.02.12.11.42.39,0,0,0.085306,0.085306,-0.001951,0.776,0.085284,0.085306,-0.001951,0.776,0.085284,0.047142,1.524955,48836055.77728,NORMAL
2004.02.12.11.52.39,0,0,0.087727,0.087727,-0.001643,0.967,0.087711,0.087727,-0.001643,0.967,0.087711,0.035756,2.322051,51646635.2128,NORMAL
2004.02.12.12.02.39,0,0,0.086363,0.086363,-0.002121,0.781,0.086337,0.086363,-0.002121,0.781,0.086337,0.047756,1.698047,50054080.67584,NORMAL
2004.02.12.12.12.39,0,0,0.086104,0.086104,-0.002205,0.61,0.086076,0.086104,-0.002205,0.61,0.086076,0.070582,1.297808,49754213.82656,NORMAL
2004.02.12.12.22.39,0,0,0.084676,0.084676,-0.002057,0.867,0.084651,0.084676,-0.002057,0.867,0.084651,0.080548,1.609403,48117636.46464,NORMAL
2004.02.12.12.32.39,0,0,0.084844,0.084844,-0.00231,0.615,0.084813,0.084844,-0.00231,0.615,0.084813,0.035281,1.359787,48308577.64864,NORMAL
2004.02.12.12.42.39,0,0,0.085936,0.085936,-0.001736,0.684,0.085919,0.085936,-0.001736,0.684,0.085919,0.071816,1.487663,49560422.8096,NORMAL
2004.02.12.12.52.39,0,0,0.085294,0.085294,-0.002172,0.691,0.085266,0.085294,-0.002172,0.691,0.085266,0.052556,1.299087,48821573.632,NORMAL
2004.02.12.13.02.39,0,0,0.08556,0.08556,-0.001955,0.725,0.085538,0.08556,-0.001955,0.725,0.085538,0.046525,1.433612,49127172.17792,NORMAL
2004.02.12.13.12.39,0,0,0.087014,0.087014,-0.001896,0.962,0.086993,0.087014,-0.001896,0.962,0.086993,0.022438,1.963999,50811172.20864,NORMAL
2004.02.12.13.22.39,0,0,0.084455,0.084455,-0.001877,0.984,0.084434,0.084455,-0.001877,0.984,0.084434,0.067951,2.014428,47866723.86048,NORMAL
2004.02.12.13.32.39,0,0,0.085503,0.085503,-0.002367,0.676,0.08547,0.085503,-0.002367,0.676,0.08547,0.083594,1.291355,49061784.69888,NORMAL
2004.02.12.13.42.39,0,0,0.086231,0.086231,-0.001881,0.935,0.08621,0.086231,-0.001881,0.935,0.08621,0.064759,2.184424,49900429.312,NORMAL
2004.02.12.13.52.39,0,0,0.086046,0.086046,-0.00199,0.889,0.086023,0.086046,-0.00199,0.889,0.086023,0.081622,1.754135,49687125.11488,NORMAL
2004.02.12.14.02.39,0,0,0.086466,0.086466,-0.001705,0.703,0.086449,0.086466,-0.001705,0.703,0.086449,0.064983,1.396689,50173385.19552,NORMAL
2004.02.12.14.12.39,0,0,0.08597,0.08597,-0.001811,0.972,0.085951,0.08597,-0.001811,0.972,0.085951,0.130184,1.822283,49599145.1648,NORMAL
2004.02.12.14.22.39,0,0,0.086462,0.086462,-0.002027,0.684,0.086438,0.086462,-0.002027,0.684,0.086438,0.050713,1.337254,50168600.33024,NORMAL
2004.02.12.14.32.39,0,0,0.087282,0.087282,-0.002158,0.847,0.087255,0.087282,-0.002158,0.847,0.087255,0.08756,1.576728,51124348.02688,NORMAL
2004.02.12.14.42.39,0,0,0.085791,0.085791,-0.002214,0.688,0.085763,0.085791,-0.002214,0.688,0.085763,0.056592,1.303965,49393119.39584,NORMAL
2004.02.12.14.52.39,0,0,0.085897,0.085897,-0.002027,0.713,0.085874,0.085897,-0.002027,0.713,0.085874,0.012553,1.579995,49515405.39392,NORMAL
2004.02.12.15.02.39,0,0,0.086148,0.086148,-0.00248,0.981,0.086112,0.086148,-0.00248,0.981,0.086112,0.010416,2.089526,49804260.22912,NORMAL
2004.02.12.15.12.39,0,0,0.085863,0.085863,-0.002002,0.728,0.085839,0.085863,-0.002002,0.728,0.085839,0.114482,1.402512,49475303.17824,NORMAL
2004.02.12.15.22.39,0,0,0.085834,0.085834,-0.002168,0.776,0.085806,0.085834,-0.002168,0.776,0.085806,0.028416,1.851578,49441767.50592,NORMAL
2004.02.12.15.32.39,0,0,0.085362,0.085362,-0.002315,0.64,0.085331,0.085362,-0.002315,0.64,0.085331,0.055016,1.220666,48900532.30592,NORMAL
2004.02.12.15.42.39,0,0,0.086131,0.086131,-0.002062,0.679,0.086106,0.086131,-0.002062,0.679,0.086106,0.046182,1.24808,49784554.53696,NORMAL
2004.02.12.15.52.39,0,0,0.085219,0.085219,-0.002307,0.684,0.085188,0.085219,-0.002307,0.684,0.085188,0.032634,1.486746,48736708.608,NORMAL
2004.02.12.16.02.39,0,0,0.086653,0.086653,-0.002389,0.876,0.08662,0.086653,-0.002389,0.876,0.08662,0.064804,1.670753,50389959.55712,NORMAL
2004.02.12.16.12.39,0,0,0.08729,0.08729,-0.00176,0.657,0.087272,0.08729,-0.00176,0.657,0.087272,0.052063,1.527036,51133484.56448,NORMAL
2004.02.12.16.22.39,0,0,0.084934,0.084934,-0.001899,0.825,0.084913,0.084934,-0.001899,0.825,0.084913,0.052653,1.375601,48411267.39968,NORMAL
2004.02.12.16.32.39,0,0,0.085889,0.085889,-0.001952,0.754,0.085867,0.085889,-0.001952,0.754,0.085867,0.029061,1.467165,49505523.13856,NORMAL
2004.02.12.16.42.39,0,0,0.086446,0.086446,-0.002143,0.764,0.086419,0.086446,-0.002143,0.764,0.086419,0.048359,1.305204,50149742.91968,NORMAL
2004.02.12.16.52.39,0,0,0.086322,0.086322,-0.002274,0.798,0.086292,0.086322,-0.002274,0.798,0.086292,0.051883,1.831902,50006219.48928,NORMAL
2004.02.12.17.02.39,0,0,0.086804,0.086804,-0.002342,0.989,0.086773,0.086804,-0.002342,0.989,0.086773,0.041479,2.21675,50566570.22976,NORMAL
2004.02.12.17.12.39,0,0,0.087023,0.087023,-0.002228,0.845,0.086994,0.087023,-0.002228,0.845,0.086994,0.00075,1.983209,50821429.98528,NORMAL
2004.02.12.17.22.39,0,0,0.085771,0.085771,-0.001697,0.752,0.085754,0.085771,-0.001697,0.752,0.085754,0.031995,1.440577,49369398.8864,NORMAL
2004.02.12.17.32.39,0,0,0.084706,0.084706,-0.001844,0.654,0.084686,0.084706,-0.001844,0.654,0.084686,0.08332,1.269035,48151814.9632,NORMAL
2004.02.12.17.42.39,0,0,0.084439,0.084439,-0.002044,0.61,0.084414,0.084439,-0.002044,0.61,0.084414,0.040815,1.20188,47847830.97856,NORMAL
2004.02.12.17.52.39,0,0,0.086598,0.086598,-0.002347,1.057,0.086566,0.086598,-0.002347,1.057,0.086566,0.06933,2.625643,50326125.60896,NORMAL
2004.02.12.18.02.39,0,0,0.085091,0.085091,-0.002344,0.82,0.085059,0.085091,-0.002344,0.82,0.085059,0.059566,1.419601,48590410.87488,NORMAL
2004.02.12.18.12.39,0,0,0.086601,0.086601,-0.001897,0.745,0.08658,0.086601,-0.001897,0.745,0.08658,0.039621,1.656357,50329468.02688,NORMAL
2004.02.12.18.22.39,0,0,0.085694,0.085694,-0.002265,0.613,0.085664,0.085694,-0.002265,0.613,0.085664,0.051189,1.364056,49281025.14688,NORMAL
2004.02.12.18.32.39,0,0,0.085803,0.085803,-0.002191,0.667,0.085775,0.085803,-0.002191,0.667,0.085775,0.059369,1.154028,49406074.0608,NORMAL
2004.02.12.18.42.39,0,0,0.084405,0.084405,-0.001889,0.696,0.084384,0.084405,-0.001889,0.696,0.084384,0.059104,1.344487,47809398.70208,NORMAL
2004.02.12.18.52.39,0,0,0.086054,0.086054,-0.002353,0.698,0.086022,0.086054,-0.002353,0.698,0.086022,0.066818,1.352712,49696071.35232,NORMAL
2004.02.12.19.02.39,0,0,0.08555,0.08555,-0.002061,0.942,0.085525,0.08555,-0.002061,0.942,0.085525,0.062521,1.491176,49115599.91296,NORMAL
2004.02.12.19.12.39,0,0,0.085644,0.085644,-0.001948,0.664,0.085622,0.085644,-0.001948,0.664,0.085622,0.097146,1.510986,49223536.55808,NORMAL
2004.02.12.19.22.39,0,0,0.085183,0.085183,-0.002319,0.671,0.085151,0.085183,-0.002319,0.671,0.085151,0.074306,1.247918,48694600.82688,NORMAL
2004.02.12.19.32.39,0,0,0.084906,0.084906,-0.002444,0.688,0.084871,0.084906,-0.002444,0.688,0.084871,0.058778,1.483881,48379203.9936,NORMAL
2004.02.12.19.42.39,0,0,0.086101,0.086101,-0.002352,0.71,0.086069,0.086101,-0.002352,0.71,0.086069,0.049442,1.321014,49750409.05216,NORMAL
2004.02.12.19.52.39,0,0,0.085323,0.085323,-0.00203,0.964,0.085298,0.085323,-0.00203,0.964,0.085298,0.061262,1.917159,48854828.15488,NORMAL
2004.02.12.20.02.39,0,0,0.08455,0.08455,-0.002048,0.747,0.084525,0.08455,-0.002048,0.747,0.084525,0.060909,1.504381,47973569.90464,NORMAL
2004.02.12.20.12.39,0,0,0.083663,0.083663,-0.002399,0.706,0.083628,0.083663,-0.002399,0.706,0.083628,0.052901,1.347236,46972288.53248,NORMAL
2004.02.12.20.22.39,0,0,0.086041,0.086041,-0.001921,0.645,0.086019,0.086041,-0.001921,0.645,0.086019,0.090239,1.349571,49680552.7552,NORMAL
2004.02.12.20.32.39,0,0,0.086154,0.086154,-0.001726,1.135,0.086137,0.086154,-0.001726,1.135,0.086137,0.018893,2.278442,49812186.48064,NORMAL
2004.02.12.20.42.39,0,0,0.085157,0.085157,-0.002297,0.618,0.085126,0.085157,-0.002297,0.618,0.085126,0.066878,1.290253,48665705.6768,NORMAL
2004.02.12.20.52.39,0,0,0.085799,0.085799,-0.002264,0.586,0.085769,0.085799,-0.002264,0.586,0.085769,0.063405,1.059771,49401872.62976,NORMAL
2004.02.12.21.02.39,0,0,0.084662,0.084662,-0.00216,0.698,0.084634,0.084662,-0.00216,0.698,0.084634,0.088952,1.254464,48101218.14016,NORMAL
2004.02.12.21.12.39,0,0,0.085379,0.085379,-0.001963,0.981,0.085356,0.085379,-0.001963,0.981,0.085356,0.050376,2.675685,48919400.28416,NORMAL
2004.02.12.21.22.39,0,0,0.084578,0.084578,-0.001962,0.618,0.084555,0.084578,-0.001962,0.618,0.084555,0.074446,1.172458,48005500.60032,NORMAL
2004.02.12.21.32.39,0,0,0.085389,0.085389,-0.001887,0.718,0.085368,0.085389,-0.001887,0.718,0.085368,0.020675,1.36138,48930917.74464,NORMAL
2004.02.12.21.42.39,0,0,0.085201,0.085201,-0.001688,0.886,0.085184,0.085201,-0.001688,0.886,0.085184,0.115605,1.622798,48715357.71648,NORMAL
2004.02.12.21.52.39,0,0,0.084933,0.084933,-0.002182,0.762,0.084905,0.084933,-0.002182,0.762,0.084905,0.082844,1.445898,48409616.71168,NORMAL
2004.02.12.22.02.39,0,0,0.085291,0.085291,-0.002033,1.055,0.085266,0.085291,-0.002033,1.055,0.085266,0.080316,1.524826,48818361.1392,NORMAL
2004.02.12.22.12.39,0,0,0.084241,0.084241,-0.002396,0.823,0.084207,0.084241,-0.002396,0.823,0.084207,0.071875,1.718227,47624172.58496,NORMAL
2004.02.12.22.22.39,0,0,0.085956,0.085956,-0.001963,0.847,0.085933,0.085956,-0.001963,0.847,0.085933,0.04462,1.596691,49582528.75776,NORMAL
2004.02.12.22.32.39,0,0,0.085449,0.085449,-0.002502,0.779,0.085413,0.085449,-0.002502,0.779,0.085413,0.015356,1.421769,49000283.42272,NORMAL
2004.02.12.22.42.39,0,0,0.086066,0.086066,-0.001538,0.754,0.086052,0.086066,-0.001538,0.754,0.086052,0.090096,1.388611,49709572.25984,NORMAL
2004.02.12.22.52.39,0,0,0.086703,0.086703,-0.001832,0.801,0.086683,0.086703,-0.001832,0.801,0.086683,0.023822,1.555019,50448063.77472,NORMAL
2004.02.12.23.02.39,0,0,0.084596,0.084596,-0.002193,0.728,0.084567,0.084596,-0.002193,0.728,0.084567,0.0674,1.289679,48025895.97696,NORMAL
2004.02.12.23.12.39,0,0,0.085463,0.085463,-0.001987,0.601,0.08544,0.085463,-0.001987,0.601,0.08544,0.070071,1.323137,49016095.78496,NORMAL
2004.02.12.23.22.39,0,0,0.085259,0.085259,-0.00216,0.781,0.085232,0.085259,-0.00216,0.781,0.085232,0.056564,1.445985,48782537.9328,NORMAL
2004.02.12.23.32.39,0,0,0.08333,0.08333,-0.001644,0.686,0.083314,0.08333,-0.001644,0.686,0.083314,0.066537,1.336046,46599507.47648,NORMAL
2004.02.12.23.42.39,0,0,0.08593,0.08593,-0.001591,0.759,0.085915,0.08593,-0.001591,0.759,0.085915,0.045186,1.269267,49552845.53728,NORMAL
2004.02.12.23.52.39,0,0,0.085058,0.085058,-0.001884,1.069,0.085037,0.085058,-0.001884,1.069,0.085037,0.093016,2.206273,48552359.19872,NORMAL
2004.02.13.00.02.39,0,0,0.08386,0.08386,-0.00211,0.728,0.083834,0.08386,-0.00211,0.728,0.083834,0.01035,1.297083,47194400.19456,NORMAL
2004.02.13.00.12.39,0,0,0.084977,0.084977,-0.002543,0.771,0.084939,0.084977,-0.002543,0.771,0.084939,0.030766,1.424344,48460451.51232,NORMAL
2004.02.13.00.22.39,0,0,0.083783,0.083783,-0.00227,0.886,0.083752,0.083783,-0.00227,0.886,0.083752,0.067548,1.751114,47107614.39232,NORMAL
2004.02.13.00.32.39,0,0,0.084484,0.084484,-0.0022,0.708,0.084455,0.084484,-0.0022,0.708,0.084455,0.079484,1.42598,47899013.61152,NORMAL
2004.02.13.00.42.39,0,0,0.084469,0.084469,-0.002158,0.667,0.084442,0.084469,-0.002158,0.667,0.084442,0.039632,1.295459,47882430.62784,NORMAL
2004.02.13.00.52.39,0,0,0.084407,0.084407,-0.002691,0.889,0.084364,0.084407,-0.002691,0.889,0.084364,0.074661,2.108598,47811629.8752,NORMAL
2004.02.13.01.02.39,0,0,0.083517,0.083517,-0.001854,0.691,0.083497,0.083517,-0.001854,0.691,0.083497,0.02955,1.397273,46809191.13728,NORMAL
2004.02.13.01.12.39,0,0,0.086003,0.086003,-0.001682,0.94,0.085986,0.086003,-0.001682,0.94,0.085986,0.124201,1.770976,49636612.096,NORMAL
2004.02.13.01.22.39,0,0,0.085574,0.085574,-0.001991,0.642,0.085551,0.085574,-0.001991,0.642,0.085551,0.047421,1.238408,49142880.58368,NORMAL
2004.02.13.01.32.39,0,0,0.085133,0.085133,-0.002162,0.701,0.085105,0.085133,-0.002162,0.701,0.085105,0.035852,1.321428,48637798.89152,NORMAL
2004.02.13.01.42.39,0,0,0.084797,0.084797,-0.001772,1.26,0.084779,0.084797,-0.001772,1.26,0.084779,0.057903,1.956908,48254862.62272,NORMAL
2004.02.13.01.52.39,0,0,0.085051,0.085051,-0.001469,0.754,0.085038,0.085051,-0.001469,0.754,0.085038,0.079192,1.333213,48544244.28544,NORMAL
2004.02.13.02.02.39,0,0,0.084014,0.084014,-0.002209,0.759,0.083985,0.084014,-0.002209,0.759,0.083985,0.056456,1.794218,47367839.41632,NORMAL
2004.02.13.02.12.39,0,0,0.085876,0.085876,-0.002173,0.818,0.085849,0.085876,-0.002173,0.818,0.085849,0.061143,1.861146,49490949.24288,NORMAL
2004.02.13.02.22.39,0,0,0.084607,0.084607,-0.001755,0.61,0.084588,0.084607,-0.001755,0.61,0.084588,0.066244,1.153532,48038442.76224,NORMAL
2004.02.13.02.32.39,0,0,0.085222,0.085222,-0.001965,0.618,0.085199,0.085222,-0.001965,0.618,0.085199,0.069951,1.235984,48739373.79328,NORMAL
2004.02.13.02.42.39,0,0,0.084643,0.084643,-0.002115,0.698,0.084616,0.084643,-0.002115,0.698,0.084616,0.050606,1.215274,48079180.34944,NORMAL
2004.02.13.02.52.39,0,0,0.0845,0.0845,-0.002163,0.957,0.084473,0.0845,-0.002163,0.957,0.084473,0.054799,1.536042,47917683.42528,NORMAL
2004.02.13.03.02.39,0,0,0.084585,0.084585,-0.002124,0.964,0.084559,0.084585,-0.002124,0.964,0.084559,0.098533,1.973262,48014285.04576,NORMAL
2004.02.13.03.12.39,0,0,0.084651,0.084651,-0.001995,0.718,0.084628,0.084651,-0.001995,0.718,0.084628,0.065519,1.30799,48089018.7776,NORMAL
2004.02.13.03.22.39,0,0,0.084408,0.084408,-0.001889,0.764,0.084387,0.084408,-0.001889,0.764,0.084387,0.045592,1.304504,47812749.06624,NORMAL
2004.02.13.03.32.39,0,0,0.084954,0.084954,-0.001734,0.92,0.084936,0.084954,-0.001734,0.92,0.084936,0.080481,1.92177,48433415.12704,NORMAL
2004.02.13.03.42.39,0,0,0.084326,0.084326,-0.002071,0.776,0.0843,0.084326,-0.002071,0.776,0.0843,0.051039,1.243783,47720082.47296,NORMAL
2004.02.13.03.52.39,0,0,0.084573,0.084573,-0.002138,0.654,0.084546,0.084573,-0.002138,0.654,0.084546,0.048183,1.314249,48000173.34272,NORMAL
2004.02.13.04.02.39,0,0,0.085243,0.085243,-0.001947,0.637,0.085221,0.085243,-0.001947,0.637,0.085221,0.062854,1.269167,48763490.7136,NORMAL
2004.02.13.04.12.39,0,0,0.084323,0.084323,-0.001934,0.898,0.0843,0.084323,-0.001934,0.898,0.0843,0.064332,1.627717,47716421.30432,NORMAL
2004.02.13.04.22.39,0,0,0.084989,0.084989,-0.001926,0.798,0.084967,0.084989,-0.001926,0.798,0.084967,0.077752,1.807638,48473604.42368,NORMAL
2004.02.13.04.32.39,0,0,0.084166,0.084166,-0.001998,0.884,0.084142,0.084166,-0.001998,0.884,0.084142,0.029165,1.715837,47539437.9776,NORMAL
2004.02.13.04.42.39,0,0,0.085022,0.085022,-0.001942,0.764,0.085,0.085022,-0.001942,0.764,0.085,0.048386,1.617598,48510918.73792,NORMAL
2004.02.13.04.52.39,0,0,0.084741,0.084741,-0.001653,0.774,0.084725,0.084741,-0.001653,0.774,0.084725,0.136643,1.808076,48191063.81824,NORMAL
2004.02.13.05.02.39,0,0,0.083924,0.083924,-0.001644,0.908,0.083908,0.083924,-0.001644,0.908,0.083908,0.053655,1.819851,47266111.56992,NORMAL
2004.02.13.05.12.39,0,0,0.086115,0.086115,-0.00197,0.662,0.086093,0.086115,-0.00197,0.662,0.086093,0.091592,1.194471,49766657.2288,NORMAL
2004.02.13.05.22.39,0,0,0.084133,0.084133,-0.002135,0.627,0.084106,0.084133,-0.002135,0.627,0.084106,0.004178,1.174704,47502555.70944,NORMAL
2004.02.13.05.32.39,0,0,0.084348,0.084348,-0.001952,0.835,0.084325,0.084348,-0.001952,0.835,0.084325,0.068602,1.642815,47744827.06432,NORMAL
2004.02.13.05.42.39,0,0,0.084276,0.084276,-0.001886,0.784,0.084255,0.084276,-0.001886,0.784,0.084255,0.062846,1.808794,47663449.37472,NORMAL
2004.02.13.05.52.39,0,0,0.085524,0.085524,-0.001604,0.564,0.085509,0.085524,-0.001604,0.564,0.085509,0.093531,1.17866,49086077.91104,NORMAL
2004.02.13.06.02.39,0,0,0.085169,0.085169,-0.001856,0.659,0.085149,0.085169,-0.001856,0.659,0.085149,0.036629,1.361128,48679611.51488,NORMAL
2004.02.13.06.12.39,0,0,0.085497,0.085497,-0.00219,0.625,0.085469,0.085497,-0.00219,0.625,0.085469,0.074104,1.226777,49054455.56224,NORMAL
2004.02.13.06.22.39,0,0,0.085089,0.085089,-0.001673,0.73,0.085073,0.085089,-0.001673,0.73,0.085073,0.025489,1.396038,48587739.38176,NORMAL
2004.02.13.06.32.39,0,0,0.084381,0.084381,-0.001904,0.781,0.08436,0.084381,-0.001904,0.781,0.08436,0.09918,1.589131,47782787.97312,NORMAL
2004.02.13.06.42.39,0,0,0.08546,0.08546,-0.001813,0.688,0.08544,0.08546,-0.001813,0.688,0.08544,0.06129,1.431818,49011880.67328,NORMAL
2004.02.13.06.52.39,0,0,0.085523,0.085523,-0.001872,0.891,0.085503,0.085523,-0.001872,0.891,0.085503,0.034454,1.797909,49085082.66496,NORMAL
2004.02.13.07.02.39,0,0,0.085282,0.085282,-0.001781,0.732,0.085264,0.085282,-0.001781,0.732,0.085264,0.049488,1.281164,48808578.49856,NORMAL
2004.02.13.07.12.39,0,0,0.083843,0.083843,-0.002011,1.008,0.083819,0.083843,-0.002011,1.008,0.083819,0.075834,1.460932,47175383.12192,NORMAL
2004.02.13.07.22.39,0,0,0.085239,0.085239,-0.002154,0.901,0.085212,0.085239,-0.002154,0.901,0.085212,0.028744,1.789353,48758983.80288,NORMAL
2004.02.13.07.32.39,0,0,0.083711,0.083711,-0.001811,0.754,0.083691,0.083711,-0.001811,0.754,0.083691,0.022869,1.54228,47026288.64,NORMAL
2004.02.13.07.42.39,0,0,0.084168,0.084168,-0.002129,0.681,0.084141,0.084168,-0.002129,0.681,0.084141,0.027647,1.308784,47541160.18176,NORMAL
2004.02.13.07.52.39,0,0,0.085037,0.085037,-0.002279,1.094,0.085006,0.085037,-0.002279,1.094,0.085006,0.074413,2.804818,48527973.00736,NORMAL
2004.02.13.08.02.39,0,0,0.083401,0.083401,-0.001813,0.991,0.083381,0.083401,-0.001813,0.991,0.083381,0.03125,1.720741,46678695.1168,NORMAL
2004.02.13.08.12.39,0,0,0.085173,0.085173,-0.001804,0.671,0.085154,0.085173,-0.001804,0.671,0.085154,0.07481,1.36824,48684011.9296,NORMAL
2004.02.13.08.22.39,0,0,0.085328,0.085328,-0.002112,0.845,0.085302,0.085328,-0.002112,0.845,0.085302,0.068256,1.777246,48861012.95104,NORMAL
2004.02.13.08.32.39,0,0,0.083869,0.083869,-0.001736,0.901,0.083851,0.083869,-0.001736,0.901,0.083851,0.061593,1.452055,47204338.81088,NORMAL
2004.02.13.08.42.39,0,0,0.085359,0.085359,-0.002048,0.71,0.085334,0.085359,-0.002048,0.71,0.085334,0.04172,1.408497,48896274.0224,NORMAL
2004.02.13.08.52.39,0,0,0.085229,0.085229,-0.00164,0.823,0.085213,0.085229,-0.00164,0.823,0.085213,0.004617,1.350083,48747347.5584,NORMAL
2004.02.13.09.02.39,0,0,0.085343,0.085343,-0.00216,0.913,0.085315,0.085343,-0.00216,0.913,0.085315,0.040198,1.591433,48877779.18976,NORMAL
2004.02.13.09.12.39,0,0,0.085814,0.085814,-0.00195,0.847,0.085792,0.085814,-0.00195,0.847,0.085792,0.060072,1.762785,49419462.656,NORMAL
2004.02.13.09.22.39,0,0,0.084679,0.084679,-0.001345,0.72,0.084669,0.084679,-0.001345,0.72,0.084669,0.093008,1.293604,48120907.12064,NORMAL
2004.02.13.09.32.39,0,0,0.085546,0.085546,-0.001866,0.645,0.085525,0.085546,-0.001866,0.645,0.085525,0.035783,1.379861,49110678.15936,NORMAL
2004.02.13.09.42.39,0,0,0.083127,0.083127,-0.00164,0.762,0.083111,0.083127,-0.00164,0.762,0.083111,0.069907,1.568723,46373146.54208,NORMAL
2004.02.13.09.52.39,0,0,0.083785,0.083785,-0.00214,0.618,0.083758,0.083785,-0.00214,0.618,0.083758,0.043047,1.176662,47109928.22272,NORMAL
2004.02.13.10.02.39,0,0,0.08508,0.08508,-0.002296,0.762,0.085049,0.08508,-0.002296,0.762,0.085049,0.059127,1.573609,48577202.33984,NORMAL
2004.02.13.10.12.39,0,0,0.084888,0.084888,-0.001767,0.867,0.08487,0.084888,-0.001767,0.867,0.08487,0.045544,1.777144,48358827.13088,NORMAL
2004.02.13.10.22.39,0,0,0.085242,0.085242,-0.001892,0.952,0.085221,0.085242,-0.001892,0.952,0.085221,0.02946,1.328441,48762273.46432,NORMAL
2004.02.13.10.32.39,0,0,0.084343,0.084343,-0.002101,0.769,0.084317,0.084343,-0.002101,0.769,0.084317,0.031566,1.156411,47739913.25696,NORMAL
2004.02.13.10.42.39,0,0,0.086242,0.086242,-0.001819,1.069,0.086223,0.086242,-0.001819,1.069,0.086223,0.100676,2.69722,49913102.66368,NORMAL
2004.02.13.10.52.39,0,0,0.084508,0.084508,-0.001525,0.676,0.084494,0.084508,-0.001525,0.676,0.084494,0.098961,1.349229,47926385.78688,NORMAL
2004.02.13.11.02.39,0,0,0.084368,0.084368,-0.002278,0.781,0.084337,0.084368,-0.002278,0.781,0.084337,0.076514,1.383807,47767800.54528,NORMAL
2004.02.13.11.12.39,0,0,0.083733,0.083733,-0.002113,0.796,0.083707,0.083733,-0.002113,0.796,0.083707,0.027972,1.885038,47051923.0464,NORMAL
2004.02.13.11.22.39,0,0,0.084587,0.084587,-0.002045,0.635,0.084563,0.084587,-0.002045,0.635,0.084563,0.048095,1.272109,48016375.23456,NORMAL
2004.02.13.11.32.39,0,0,0.083382,0.083382,-0.001743,0.708,0.083363,0.083382,-0.001743,0.708,0.083363,0.046122,1.247279,46657389.93664,NORMAL
2004.02.13.11.42.39,0,0,0.085547,0.085547,-0.001893,1.018,0.085526,0.085547,-0.001893,1.018,0.085526,0.059569,1.981236,49112304.59904,NORMAL
2004.02.13.11.52.39,0,0,0.084764,0.084764,-0.002204,0.635,0.084735,0.084764,-0.002204,0.635,0.084735,0.076954,1.381988,48216829.952,NORMAL
2004.02.13.12.02.39,0,0,0.085217,0.085217,-0.002114,0.776,0.085191,0.085217,-0.002114,0.776,0.085191,0.031058,1.609634,48734029.0048,NORMAL
2004.02.13.12.12.39,0,0,0.084081,0.084081,-0.002032,0.588,0.084056,0.084081,-0.002032,0.588,0.084056,0.041078,1.247255,47443394.39616,NORMAL
2004.02.13.12.22.39,0,0,0.083781,0.083781,-0.001483,0.986,0.083767,0.083781,-0.001483,0.986,0.083767,0.045609,1.699506,47104948.55168,NORMAL
2004.02.13.12.32.39,0,0,0.086331,0.086331,-0.002109,0.723,0.086305,0.086331,-0.002109,0.723,0.086305,0.03675,1.404083,50015956.1728,NORMAL
2004.02.13.12.42.39,0,0,0.084566,0.084566,-0.001696,0.918,0.084549,0.084566,-0.001696,0.918,0.084549,0.071704,1.58299,47992797.184,NORMAL
2004.02.13.12.52.39,0,0,0.08407,0.08407,-0.002034,0.767,0.084045,0.08407,-0.002034,0.767,0.084045,0.020828,1.536725,47430912.98304,NORMAL
2004.02.13.13.02.39,0,0,0.08469,0.08469,-0.002125,1.108,0.084664,0.08469,-0.002125,1.108,0.084664,0.079781,1.990566,48133373.62432,NORMAL
2004.02.13.13.12.39,0,0,0.08387,0.08387,-0.002355,0.747,0.083837,0.08387,-0.002355,0.747,0.083837,0.045739,1.395783,47206112.8704,NORMAL
2004.02.13.13.22.39,0,0,0.08508,0.08508,-0.002036,0.959,0.085055,0.08508,-0.002036,0.959,0.085055,0.048678,1.362479,48577076.0192,NORMAL
2004.02.13.13.32.39,0,0,0.083574,0.083574,-0.001986,0.872,0.083551,0.083574,-0.001986,0.872,0.083551,0.073126,1.539994,46873222.7584,NORMAL
2004.02.13.13.42.39,0,0,0.08518,0.08518,-0.002444,0.723,0.085145,0.08518,-0.002444,0.723,0.085145,0.035648,1.26959,48692192.54272,NORMAL
2004.02.13.13.52.39,0,0,0.083159,0.083159,-0.001898,0.715,0.083137,0.083159,-0.001898,0.715,0.083137,0.052893,1.361661,46408420.1472,NORMAL
2004.02.13.14.02.39,0,0,0.084089,0.084089,-0.002105,0.652,0.084062,0.084089,-0.002105,0.652,0.084062,0.028037,1.196213,47451915.22304,NORMAL
2004.02.13.14.12.39,0,0,0.084892,0.084892,-0.002552,0.593,0.084854,0.084892,-0.002552,0.593,0.084854,0.042468,1.341869,48363499.27424,NORMAL
2004.02.13.14.22.39,0,0,0.085104,0.085104,-0.001886,0.842,0.085083,0.085104,-0.001886,0.842,0.085083,0.066544,1.605342,48605186.048,NORMAL
2004.02.13.14.32.39,0,0,0.084424,0.084424,-0.002029,0.557,0.084399,0.084424,-0.002029,0.557,0.084399,0.05357,0.972249,47831116.67712,NORMAL
2004.02.13.14.42.39,0,0,0.085088,0.085088,-0.001829,0.759,0.085069,0.085088,-0.001829,0.759,0.085069,0.065201,1.358551,48586967.28576,NORMAL
2004.02.13.14.52.39,0,0,0.083002,0.083002,-0.002081,0.715,0.082976,0.083002,-0.002081,0.715,0.082976,0.074958,1.178737,46233932.34944,NORMAL
2004.02.13.15.02.39,0,0,0.084373,0.084373,-0.001968,0.747,0.08435,0.084373,-0.001968,0.747,0.08435,0.09462,1.240223,47772979.36384,NORMAL
2004.02.13.15.12.39,0,0,0.083335,0.083335,-0.001961,0.669,0.083312,0.083335,-0.001961,0.669,0.083312,0.018537,1.230987,46604931.8912,NORMAL
2004.02.13.15.22.39,0,0,0.082982,0.082982,-0.001927,0.647,0.082959,0.082982,-0.001927,0.647,0.082959,0.049276,1.139527,46211015.31136,NORMAL
2004.02.13.15.32.39,0,0,0.083492,0.083492,-0.002228,0.752,0.083462,0.083492,-0.002228,0.752,0.083462,0.048925,1.22778,46781257.48224,NORMAL
2004.02.13.15.42.39,0,0,0.083765,0.083765,-0.001746,0.605,0.083747,0.083765,-0.001746,0.605,0.083747,0.059383,1.199042,47087532.52352,NORMAL
2004.02.13.15.52.39,0,0,0.084241,0.084241,-0.002013,0.781,0.084217,0.084241,-0.002013,0.781,0.084217,0.050571,1.090957,47624520.4992,NORMAL
2004.02.13.16.02.39,0,0,0.083316,0.083316,-0.001577,0.569,0.083301,0.083316,-0.001577,0.569,0.083301,0.038128,1.043573,46583625.97376,NORMAL
2004.02.13.16.12.39,0,0,0.083315,0.083315,-0.002285,0.784,0.083284,0.083315,-0.002285,0.784,0.083284,0.036745,1.219343,46582875.01312,NORMAL
2004.02.13.16.22.39,0,0,0.082801,0.082801,-0.002298,0.564,0.08277,0.082801,-0.002298,0.564,0.08277,0.083155,1.159378,46010409.86112,NORMAL
2004.02.13.16.32.39,0,0,0.083518,0.083518,-0.002064,0.757,0.083492,0.083518,-0.002064,0.757,0.083492,0.051205,1.410823,46809829.29408,NORMAL
2004.02.13.16.42.39,0,0,0.084117,0.084117,-0.001913,0.608,0.084096,0.084117,-0.001913,0.608,0.084096,0.060052,1.099714,47484436.39808,NORMAL
2004.02.13.16.52.39,0,0,0.082651,0.082651,-0.001861,0.718,0.08263,0.082651,-0.001861,0.718,0.08263,0.077645,1.358998,45843097.6,NORMAL
2004.02.13.17.02.39,0,0,0.084628,0.084628,-0.002255,0.745,0.084598,0.084628,-0.002255,0.745,0.084598,0.065562,1.462937,48063145.49248,NORMAL
2004.02.13.17.12.39,0,0,0.084339,0.084339,-0.002487,0.747,0.084302,0.084339,-0.002487,0.747,0.084302,0.039638,1.268867,47734960.37376,NORMAL
2004.02.13.17.22.39,0,0,0.084346,0.084346,-0.002149,0.679,0.084318,0.084346,-0.002149,0.679,0.084318,0.036959,1.241566,47742639.39072,NORMAL
2004.02.13.17.32.39,0,0,0.085291,0.085291,-0.00246,0.811,0.085255,0.085291,-0.00246,0.811,0.085255,0.068558,1.725252,48818185.4208,NORMAL
2004.02.13.17.42.39,0,0,0.0854,0.0854,-0.001451,0.718,0.085388,0.0854,-0.001451,0.718,0.085388,0.053283,1.371275,48943819.32544,NORMAL
2004.02.13.17.52.39,0,0,0.082977,0.082977,-0.002126,0.671,0.08295,0.082977,-0.002126,0.671,0.08295,0.071986,1.331273,46205665.77152,NORMAL
2004.02.13.18.02.39,0,0,0.083928,0.083928,-0.002201,0.63,0.083899,0.083928,-0.002201,0.63,0.083899,0.044286,1.19328,47271070.59712,NORMAL
2004.02.13.18.12.39,0,0,0.082724,0.082724,-0.001906,0.771,0.082702,0.082724,-0.001906,0.771,0.082702,0.048873,1.354845,45923962.79808,NORMAL
2004.02.13.18.22.39,0,0,0.084604,0.084604,-0.001932,0.845,0.084582,0.084604,-0.001932,0.845,0.084582,0.048266,1.445122,48035967.3856,NORMAL
2004.02.13.18.32.39,0,0,0.0838,0.0838,-0.002053,0.676,0.083775,0.0838,-0.002053,0.676,0.083775,0.065418,1.361199,47126623.0272,NORMAL
2004.02.13.18.42.39,0,0,0.08356,0.08356,-0.002685,0.747,0.083517,0.08356,-0.002685,0.747,0.083517,0.023685,1.253654,46857254.83008,NORMAL
2004.02.13.18.52.39,0,0,0.085206,0.085206,-0.001934,0.793,0.085184,0.085206,-0.001934,0.793,0.085184,0.06332,1.563841,48721253.90848,NORMAL
2004.02.13.19.02.39,0,0,0.084261,0.084261,-0.002138,0.64,0.084234,0.084261,-0.002138,0.64,0.084234,0.044037,1.21873,47647234.12992,NORMAL
2004.02.13.19.12.39,0,0,0.084684,0.084684,-0.002267,0.71,0.084653,0.084684,-0.002267,0.71,0.084653,0.032748,1.244712,48125858.2016,NORMAL
2004.02.13.19.22.39,0,0,0.0828,0.0828,-0.002291,0.645,0.082769,0.0828,-0.002291,0.645,0.082769,0.046995,1.21286,46009101.68064,NORMAL
2004.02.13.19.32.39,0,0,0.084137,0.084137,-0.002237,0.728,0.084107,0.084137,-0.002237,0.728,0.084107,0.07566,1.34111,47506252.51328,NORMAL
2004.02.13.19.42.39,0,0,0.083546,0.083546,-0.002345,0.61,0.083513,0.083546,-0.002345,0.61,0.083513,0.048271,1.138161,46841309.75744,NORMAL
2004.02.13.19.52.39,0,0,0.085448,0.085448,-0.002351,0.911,0.085416,0.085448,-0.002351,0.911,0.085416,0.095933,1.927447,48999067.72992,NORMAL
2004.02.13.20.02.39,0,0,0.08348,0.08348,-0.002058,0.657,0.083454,0.08348,-0.002058,0.657,0.083454,0.05417,1.099885,46767330.18112,NORMAL
2004.02.13.20.12.39,0,0,0.084217,0.084217,-0.002046,0.676,0.084192,0.084217,-0.002046,0.676,0.084192,0.04173,1.245115,47596462.24384,NORMAL
2004.02.13.20.22.39,0,0,0.084777,0.084777,-0.002263,0.889,0.084747,0.084777,-0.002263,0.889,0.084747,0.060917,1.666386,48232509.60384,NORMAL
2004.02.13.20.32.39,0,0,0.083238,0.083238,-0.002054,0.657,0.083212,0.083238,-0.002054,0.657,0.083212,0.059001,1.182113,46496589.66016,NORMAL
2004.02.13.20.42.39,0,0,0.083176,0.083176,-0.002011,0.774,0.083151,0.083176,-0.002011,0.774,0.083151,0.064038,1.349678,46427115.68384,NORMAL
2004.02.13.20.52.39,0,0,0.083431,0.083431,-0.002303,0.913,0.083399,0.083431,-0.002303,0.913,0.083399,0.102959,1.723299,46712299.9296,NORMAL
2004.02.13.21.02.39,0,0,0.083819,0.083819,-0.002361,0.762,0.083786,0.083819,-0.002361,0.762,0.083786,0.096236,1.235591,47148287.01696,NORMAL
2004.02.13.21.12.39,0,0,0.083897,0.083897,-0.002308,0.85,0.083865,0.083897,-0.002308,0.85,0.083865,0.07463,1.39658,47235449.6512,NORMAL
2004.02.13.21.22.39,0,0,0.082227,0.082227,-0.001897,0.64,0.082205,0.082227,-0.001897,0.64,0.082205,0.055582,1.120969,45373781.93408,NORMAL
2004.02.13.21.32.39,0,0,0.082921,0.082921,-0.002333,0.808,0.082888,0.082921,-0.002333,0.808,0.082888,0.049825,1.714606,46143221.18656,NORMAL
2004.02.13.21.42.39,0,0,0.084926,0.084926,-0.001878,0.769,0.084905,0.084926,-0.001878,0.769,0.084905,0.084626,1.44083,48402021.82656,NORMAL
2004.02.13.21.52.39,0,0,0.084851,0.084851,-0.002147,1.035,0.084824,0.084851,-0.002147,1.035,0.084824,0.079396,1.809766,48316633.33376,NORMAL
2004.02.13.22.02.39,0,0,0.083999,0.083999,-0.002206,0.911,0.08397,0.083999,-0.002206,0.911,0.08397,0.021461,2.149885,47350899.01568,NORMAL
2004.02.13.22.12.39,0,0,0.085736,0.085736,-0.001873,0.818,0.085716,0.085736,-0.001873,0.818,0.085716,0.074193,1.484775,49329715.85536,NORMAL
2004.02.13.22.22.39,0,0,0.084026,0.084026,-0.001704,0.737,0.084009,0.084026,-0.001704,0.737,0.084009,0.053368,1.179735,47381739.76576,NORMAL
2004.02.13.22.32.39,0,0,0.08373,0.08373,-0.001809,0.723,0.083711,0.08373,-0.001809,0.723,0.083711,0.05464,1.240144,47048246.55872,NORMAL
2004.02.13.22.42.39,0,0,0.084759,0.084759,-0.002301,0.933,0.084727,0.084759,-0.002301,0.933,0.084727,0.075674,1.398628,48211230.39232,NORMAL
2004.02.13.22.52.39,0,0,0.08343,0.08343,-0.00216,0.664,0.083402,0.08343,-0.00216,0.664,0.083402,0.034025,1.136774,46711810.53952,NORMAL
2004.02.13.23.02.39,0,0,0.084595,0.084595,-0.001288,0.664,0.084585,0.084595,-0.001288,0.664,0.084585,0.086373,1.209416,48024772.608,NORMAL
2004.02.13.23.12.39,0,0,0.08312,0.08312,-0.002031,0.601,0.083095,0.08312,-0.002031,0.601,0.083095,0.058838,1.110071,46364910.05952,NORMAL
2004.02.13.23.22.39,0,0,0.08368,0.08368,-0.002075,0.586,0.083654,0.08368,-0.002075,0.586,0.083654,0.028467,1.220432,46991671.45984,NORMAL
2004.02.13.23.32.39,0,0,0.083645,0.083645,-0.002057,0.835,0.08362,0.083645,-0.002057,0.835,0.08362,0.005406,1.83085,46952964.25984,NORMAL
2004.02.13.23.42.39,0,0,0.08354,0.08354,-0.002599,0.667,0.0835,0.08354,-0.002599,0.667,0.0835,0.095794,1.345796,46834980.61824,NORMAL
2004.02.13.23.52.39,0,0,0.083837,0.083837,-0.002209,0.737,0.083808,0.083837,-0.002209,0.737,0.083808,0.024822,1.680898,47168767.01696,NORMAL
2004.02.14.00.02.39,0,0,0.083543,0.083543,-0.001836,0.706,0.083523,0.083543,-0.001836,0.706,0.083523,0.073632,1.290547,46837914.25536,NORMAL
2004.02.14.00.12.39,0,0,0.083525,0.083525,-0.001652,0.95,0.083509,0.083525,-0.001652,0.95,0.083509,0.081229,1.774905,46817858.02752,NORMAL
2004.02.14.00.22.39,0,0,0.083989,0.083989,-0.001773,0.835,0.08397,0.083989,-0.001773,0.835,0.08397,0.024102,1.855322,47339436.76928,NORMAL
2004.02.14.00.32.39,0,0,0.08399,0.08399,-0.002086,0.725,0.083964,0.08399,-0.002086,0.725,0.083964,0.061101,1.267709,47341046.08768,NORMAL
2004.02.14.00.42.39,0,0,0.084788,0.084788,-0.00175,0.867,0.08477,0.084788,-0.00175,0.867,0.08477,0.084503,1.51024,48244518.74816,NORMAL
2004.02.14.00.52.39,0,0,0.08346,0.08346,-0.001387,0.679,0.083449,0.08346,-0.001387,0.679,0.083449,0.051047,1.242258,46745508.49536,NORMAL
2004.02.14.01.02.39,0,0,0.084532,0.084532,-0.002218,0.723,0.084502,0.084532,-0.002218,0.723,0.084502,0.015221,1.22528,47953190.25664,NORMAL
2004.02.14.01.12.39,0,0,0.082325,0.082325,-0.001898,0.74,0.082303,0.082325,-0.001898,0.74,0.082303,0.057016,1.154042,45482737.17248,NORMAL
2004.02.14.01.22.39,0,0,0.084693,0.084693,-0.003002,0.62,0.08464,0.084693,-0.003002,0.62,0.08464,0.020731,1.125629,48136649.27744,NORMAL
2004.02.14.01.32.39,0,0,0.083347,0.083347,-0.001707,0.82,0.08333,0.083347,-0.001707,0.82,0.08333,0.050986,1.837251,46619179.90912,NORMAL
2004.02.14.01.42.39,0,0,0.08337,0.08337,-0.001779,0.588,0.083351,0.08337,-0.001779,0.588,0.083351,0.061778,1.114821,46644101.36576,NORMAL
2004.02.14.01.52.39,0,0,0.084945,0.084945,-0.00221,0.811,0.084916,0.084945,-0.00221,0.811,0.084916,0.021056,2.133041,48422877.83936,NORMAL
2004.02.14.02.02.39,0,0,0.083904,0.083904,-0.001893,0.627,0.083882,0.083904,-0.001893,0.627,0.083882,0.079355,1.108536,47243447.33696,NORMAL
2004.02.14.02.12.39,0,0,0.084214,0.084214,-0.001464,0.679,0.084201,0.084214,-0.001464,0.679,0.084201,0.062235,1.44119,47593801.48224,NORMAL
2004.02.14.02.22.39,0,0,0.083553,0.083553,-0.002037,0.825,0.083529,0.083553,-0.002037,0.825,0.083529,0.099263,1.723504,46849867.53024,NORMAL
2004.02.14.02.32.39,0,0,0.083406,0.083406,-0.002241,0.698,0.083376,0.083406,-0.002241,0.698,0.083376,0.031043,1.144402,46684766.53568,NORMAL
2004.02.14.02.42.39,0,0,0.082987,0.082987,-0.001671,0.886,0.082971,0.082987,-0.001671,0.886,0.082971,0.044498,1.3658,46217218.4576,NORMAL
2004.02.14.02.52.39,0,0,0.084967,0.084967,-0.001847,1.074,0.084947,0.084967,-0.001847,1.074,0.084947,0.073762,1.699523,48449071.67744,NORMAL
2004.02.14.03.02.39,0,0,0.082326,0.082326,-0.002113,0.671,0.082299,0.082326,-0.002113,0.671,0.082299,0.033699,1.271413,45483489.52576,NORMAL
2004.02.14.03.12.39,0,0,0.083659,0.083659,-0.001664,0.664,0.083642,0.083659,-0.001664,0.664,0.083642,0.045835,1.224336,46967973.96992,NORMAL
2004.02.14.03.22.39,0,0,0.08469,0.08469,-0.001822,0.669,0.08467,0.08469,-0.001822,0.669,0.08467,0.082648,1.106955,48132836.22912,NORMAL
2004.02.14.03.32.39,0,0,0.084972,0.084972,-0.001784,0.83,0.084953,0.084972,-0.001784,0.83,0.084953,0.038741,1.604252,48453888.73728,NORMAL
2004.02.14.03.42.39,0,0,0.083739,0.083739,-0.001249,0.728,0.08373,0.083739,-0.001249,0.728,0.08373,0.100868,1.253022,47058462.88384,NORMAL
2004.02.14.03.52.39,0,0,0.08466,0.08466,-0.002149,0.715,0.084632,0.08466,-0.002149,0.715,0.084632,0.047822,1.313609,48098782.74048,NORMAL
2004.02.14.04.02.39,0,0,0.084065,0.084065,-0.001889,0.818,0.084044,0.084065,-0.001889,0.818,0.084044,0.071343,1.414264,47425303.83872,NORMAL
2004.02.14.04.12.39,0,0,0.082675,0.082675,-0.001979,0.576,0.082651,0.082675,-0.001979,0.576,0.082651,0.06583,1.125839,45870092.77952,NORMAL
2004.02.14.04.22.39,0,0,0.083571,0.083571,-0.001983,0.962,0.083548,0.083571,-0.001983,0.962,0.083548,0.077593,1.675781,46869933.17888,NORMAL
2004.02.14.04.32.39,0,0,0.084017,0.084017,-0.0024,0.645,0.083982,0.084017,-0.0024,0.645,0.083982,0.050265,1.002213,47370661.96992,NORMAL
2004.02.14.04.42.39,0,0,0.083442,0.083442,-0.002377,0.574,0.083408,0.083442,-0.002377,0.574,0.083408,0.07829,1.148422,46724881.36704,NORMAL
2004.02.14.04.52.39,0,0,0.083875,0.083875,-0.002063,0.906,0.08385,0.083875,-0.002063,0.906,0.08385,0.048638,1.799997,47211653.61152,NORMAL
2004.02.14.05.02.39,0,0,0.084138,0.084138,-0.002156,0.586,0.08411,0.084138,-0.002156,0.586,0.08411,0.055413,1.160564,47507423.39584,NORMAL
2004.02.14.05.12.39,0,0,0.083665,0.083665,-0.002126,0.759,0.083638,0.083665,-0.002126,0.759,0.083638,0.071506,1.457608,46974919.63904,NORMAL
2004.02.14.05.22.39,0,0,0.084006,0.084006,-0.001901,0.652,0.083984,0.084006,-0.001901,0.652,0.083984,0.085377,1.260545,47358307.20512,NORMAL
2004.02.14.05.32.39,0,0,0.082504,0.082504,-0.001745,0.603,0.082486,0.082504,-0.001745,0.603,0.082486,0.058756,1.263327,45680684.15488,NORMAL
2004.02.14.05.42.39,0,0,0.08484,0.08484,-0.001971,0.74,0.084817,0.08484,-0.001971,0.74,0.084817,0.053505,1.508736,48304080.32256,NORMAL
2004.02.14.05.52.39,0,0,0.083877,0.083877,-0.001814,0.833,0.083858,0.083877,-0.001814,0.833,0.083858,0.061186,1.299844,47213730.69312,NORMAL
2004.02.14.06.02.39,0,0,0.083596,0.083596,-0.001808,0.786,0.083576,0.083596,-0.001808,0.786,0.083576,0.038933,1.357066,46897164.94336,NORMAL
2004.02.14.06.12.39,0,0,0.08372,0.08372,-0.002028,0.725,0.083696,0.08372,-0.002028,0.725,0.083696,0.02776,1.478335,47037111.99232,NORMAL
2004.02.14.06.22.39,0,0,0.082981,0.082981,-0.0023,0.688,0.082949,0.082981,-0.0023,0.688,0.082949,0.080943,1.275192,46210098.21696,NORMAL
2004.02.14.06.32.39,0,0,0.083804,0.083804,-0.001929,0.942,0.083782,0.083804,-0.001929,0.942,0.083782,0.140011,1.833932,47131568.70144,NORMAL
2004.02.14.06.42.39,0,0,0.084159,0.084159,-0.002364,0.725,0.084126,0.084159,-0.002364,0.725,0.084126,0.058087,1.400608,47531475.84512,NORMAL
2004.02.14.06.52.39,0,0,0.083489,0.083489,-0.002283,0.779,0.083458,0.083489,-0.002283,0.779,0.083458,0.037606,1.182286,46777804.30848,NORMAL
2004.02.14.07.02.39,0,0,0.084464,0.084464,-0.002313,0.957,0.084432,0.084464,-0.002313,0.957,0.084432,0.047642,1.586708,47876199.71072,NORMAL
2004.02.14.07.12.39,0,0,0.084497,0.084497,-0.001779,0.776,0.084478,0.084497,-0.001779,0.776,0.084478,0.06376,1.390793,47913593.81504,NORMAL
2004.02.14.07.22.39,0,0,0.083472,0.083472,-0.00225,0.779,0.083442,0.083472,-0.00225,0.779,0.083442,0.08853,1.301197,46758494.28992,NORMAL
2004.02.14.07.32.39,0,0,0.083341,0.083341,-0.001904,0.703,0.083319,0.083341,-0.001904,0.703,0.083319,0.062665,1.251985,46612119.71584,NORMAL
2004.02.14.07.42.39,0,0,0.083414,0.083414,-0.002067,0.735,0.083389,0.083414,-0.002067,0.735,0.083389,0.038306,1.259554,46694037.0944,NORMAL
2004.02.14.07.52.39,0,0,0.083674,0.083674,-0.002252,0.625,0.083644,0.083674,-0.002252,0.625,0.083644,0.058704,1.249358,46985111.30624,NORMAL
2004.02.14.08.02.39,0,0,0.083398,0.083398,-0.002024,0.735,0.083374,0.083398,-0.002024,0.735,0.083374,0.060288,1.373768,46675844.3008,NORMAL
2004.02.14.08.12.39,0,0,0.084359,0.084359,-0.002153,0.759,0.084331,0.084359,-0.002153,0.759,0.084331,0.04497,1.370418,47757295.2064,NORMAL
2004.02.14.08.22.39,0,0,0.084066,0.084066,-0.00232,0.693,0.084034,0.084066,-0.00232,0.693,0.084034,0.089611,1.334242,47426575.89248,NORMAL
2004.02.14.08.32.39,0,0,0.084306,0.084306,-0.002044,0.754,0.084281,0.084306,-0.002044,0.754,0.084281,0.064398,1.569112,47697746.41152,NORMAL
2004.02.14.08.42.39,0,0,0.082889,0.082889,-0.002111,0.581,0.082862,0.082889,-0.002111,0.581,0.082862,0.035144,1.228785,46107564.032,NORMAL
2004.02.14.08.52.39,0,0,0.083454,0.083454,-0.001919,0.73,0.083432,0.083454,-0.001919,0.73,0.083432,0.056284,1.200516,46738549.5552,NORMAL
2004.02.14.09.02.39,0,0,0.082144,0.082144,-0.001939,0.718,0.082121,0.082144,-0.001939,0.718,0.082121,0.044713,1.250853,45282297.61024,NORMAL
2004.02.14.09.12.39,0,0,0.083456,0.083456,-0.001703,0.698,0.083439,0.083456,-0.001703,0.698,0.083439,0.064813,1.216842,46740671.61088,NORMAL
2004.02.14.09.22.39,0,0,0.083096,0.083096,-0.001671,0.679,0.083079,0.083096,-0.001671,0.679,0.083079,0.021082,1.176595,46338613.82144,NORMAL
2004.02.14.09.32.39,0,0,0.082599,0.082599,-0.003113,0.747,0.08254,0.082599,-0.003113,0.747,0.08254,0.052824,1.388005,45785156.97664,NORMAL
2004.02.14.09.42.39,0,0,0.084011,0.084011,-0.00191,0.886,0.083989,0.084011,-0.00191,0.886,0.083989,0.017585,1.746804,47363857.69472,NORMAL
2004.02.14.09.52.39,0,0,0.083805,0.083805,-0.002277,0.75,0.083774,0.083805,-0.002277,0.75,0.083774,0.051245,1.418657,47132658.64704,NORMAL
2004.02.14.10.02.39,0,0,0.082491,0.082491,-0.001749,0.942,0.082473,0.082491,-0.001749,0.942,0.082473,0.06757,1.688502,45666184.56064,NORMAL
2004.02.14.10.12.39,0,0,0.083819,0.083819,-0.001753,0.664,0.0838,0.083819,-0.001753,0.664,0.0838,0.05989,1.217496,47147765.67808,NORMAL
2004.02.14.10.22.39,0,0,0.082478,0.082478,-0.001847,0.813,0.082457,0.082478,-0.001847,0.813,0.082457,0.067565,1.268949,45651203.60448,NORMAL
2004.02.14.10.32.39,0,0,0.084132,0.084132,-0.003157,0.789,0.084073,0.084132,-0.003157,0.789,0.084073,0.07574,1.319545,47500687.60576,NORMAL
2004.02.14.10.42.39,0,0,0.082391,0.082391,-0.001949,0.532,0.082368,0.082391,-0.001949,0.532,0.082368,0.065364,1.044111,45555882.72128,NORMAL
2004.02.14.10.52.39,0,0,0.083872,0.083872,-0.001742,0.835,0.083854,0.083872,-0.001742,0.835,0.083854,0.100083,1.397765,47207591.77216,NORMAL
2004.02.14.11.02.39,0,0,0.083677,0.083677,-0.001866,0.684,0.083656,0.083677,-0.001866,0.684,0.083656,0.060545,1.404594,46988477.6448,NORMAL
2004.02.14.11.12.39,0,0,0.084973,0.084973,-0.001937,0.862,0.084951,0.084973,-0.001937,0.862,0.084951,0.064218,1.278079,48455751.2704,NORMAL
2004.02.14.11.22.39,0,0,0.084946,0.084946,-0.001961,0.71,0.084924,0.084946,-0.001961,0.71,0.084924,0.078362,1.243415,48424910.76608,NORMAL
2004.02.14.11.32.39,0,0,0.084023,0.084023,-0.001678,0.686,0.084006,0.084023,-0.001678,0.686,0.084006,0.038864,1.220618,47377444.29056,NORMAL
2004.02.14.11.42.39,0,0,0.083399,0.083399,-0.001986,0.84,0.083375,0.083399,-0.001986,0.84,0.083375,0.049856,1.419224,46676894.43328,NORMAL
2004.02.14.11.52.39,0,0,0.083972,0.083972,-0.001856,0.608,0.083952,0.083972,-0.001856,0.608,0.083952,0.019532,1.16325,47320852.8896,NORMAL
2004.02.14.12.02.39,0,0,0.085548,0.085548,-0.002049,0.664,0.085524,0.085548,-0.002049,0.664,0.085524,0.024312,1.351739,49113503.744,NORMAL
2004.02.14.12.12.39,0,0,0.084292,0.084292,-0.002095,0.725,0.084266,0.084292,-0.002095,0.725,0.084266,0.083958,1.142247,47681314.24256,NORMAL
2004.02.14.12.22.39,0,0,0.08404,0.08404,-0.001904,0.977,0.084018,0.08404,-0.001904,0.977,0.084018,0.06691,1.652695,47396855.808,NORMAL
2004.02.14.12.32.39,0,0,0.084401,0.084401,-0.002555,0.706,0.084362,0.084401,-0.002555,0.706,0.084362,0.06285,1.171014,47804679.45472,NORMAL
2004.02.14.12.42.39,0,0,0.083807,0.083807,-0.001924,0.806,0.083785,0.083807,-0.001924,0.806,0.083785,0.01328,1.702926,47135046.20544,NORMAL
2004.02.14.12.52.39,0,0,0.083124,0.083124,-0.002034,0.691,0.083099,0.083124,-0.002034,0.691,0.083099,0.063107,1.159205,46369772.25728,NORMAL
2004.02.14.13.02.39,0,0,0.083071,0.083071,-0.002368,0.708,0.083037,0.083071,-0.002368,0.708,0.083037,0.025799,1.155944,46310564.16768,NORMAL
2004.02.14.13.12.39,0,0,0.083945,0.083945,-0.001955,0.996,0.083922,0.083945,-0.001955,0.996,0.083922,0.084441,2.065923,47289746.96448,NORMAL
2004.02.14.13.22.39,0,0,0.082642,0.082642,-0.002334,0.847,0.082609,0.082642,-0.002334,0.847,0.082609,0.060583,1.552235,45833084.1088,NORMAL
2004.02.14.13.32.39,0,0,0.083026,0.083026,-0.002237,0.696,0.082996,0.083026,-0.002237,0.696,0.082996,0.071101,1.175543,46260344.832,NORMAL
2004.02.14.13.42.39,0,0,0.083604,0.083604,-0.002014,0.759,0.08358,0.083604,-0.002014,0.759,0.08358,0.087891,1.368278,46906772.2752,NORMAL
2004.02.14.13.52.39,0,0,0.082473,0.082473,-0.001755,0.859,0.082455,0.082473,-0.001755,0.859,0.082455,0.067935,1.531859,45646466.2528,NORMAL
2004.02.14.14.02.39,0,0,0.083008,0.083008,-0.002013,0.796,0.082984,0.083008,-0.002013,0.796,0.082984,0.043433,1.387876,46240725.23776,NORMAL
2004.02.14.14.12.39,0,0,0.08486,0.08486,-0.002047,0.728,0.084835,0.08486,-0.002047,0.728,0.084835,0.044022,1.27644,48326054.2976,NORMAL
2004.02.14.14.22.39,0,0,0.084742,0.084742,-0.001901,0.793,0.084721,0.084742,-0.001901,0.793,0.084721,0.029062,1.59167,48192411.81184,NORMAL
2004.02.14.14.32.39,0,0,0.082113,0.082113,-0.002095,0.681,0.082086,0.082113,-0.002095,0.681,0.082086,0.05486,1.116318,45248336.85504,NORMAL
2004.02.14.14.42.39,0,0,0.082642,0.082642,-0.00192,0.688,0.082619,0.082642,-0.00192,0.688,0.082619,0.070253,1.33125,45833052.5696,NORMAL
2004.02.14.14.52.39,0,0,0.083673,0.083673,-0.002024,0.752,0.083649,0.083673,-0.002024,0.752,0.083649,0.056027,1.377898,46984345.51808,NORMAL
2004.02.14.15.02.39,0,0,0.083068,0.083068,-0.001924,0.984,0.083046,0.083068,-0.001924,0.984,0.083046,0.057316,1.820598,46306973.77792,NORMAL
2004.02.14.15.12.39,0,0,0.083417,0.083417,-0.001624,0.908,0.083402,0.083417,-0.001624,0.908,0.083402,0.052961,1.460634,46697512.22272,NORMAL
2004.02.14.15.22.39,0,0,0.082949,0.082949,-0.001777,0.688,0.08293,0.082949,-0.001777,0.688,0.08293,0.036535,1.276255,46174422.6304,NORMAL
2004.02.14.15.32.39,0,0,0.082814,0.082814,-0.00224,0.713,0.082783,0.082814,-0.00224,0.713,0.082783,0.07808,1.184559,46023972.70016,NORMAL
2004.02.14.15.42.39,0,0,0.082346,0.082346,-0.002177,0.649,0.082317,0.082346,-0.002177,0.649,0.082317,0.062806,1.196225,45505090.84672,NORMAL
2004.02.14.15.52.39,0,0,0.083773,0.083773,-0.001888,0.876,0.083752,0.083773,-0.001888,0.876,0.083752,0.031311,1.626075,47096895.56992,NORMAL
2004.02.14.16.02.39,0,0,0.083474,0.083474,-0.001898,0.854,0.083452,0.083474,-0.001898,0.854,0.083452,0.037476,1.403159,46760556.05248,NORMAL
2004.02.14.16.12.39,0,0,0.083018,0.083018,-0.002171,0.894,0.08299,0.083018,-0.002171,0.894,0.08299,0.000972,1.341621,46251621.08928,NORMAL
2004.02.14.16.22.39,0,0,0.082918,0.082918,-0.001928,0.735,0.082896,0.082918,-0.001928,0.735,0.082896,0.091675,1.189947,46139931.4432,NORMAL
2004.02.14.16.32.39,0,0,0.083443,0.083443,-0.0021,0.669,0.083417,0.083443,-0.0021,0.669,0.083417,0.084897,1.184554,46726174.06464,NORMAL
2004.02.14.16.42.39,0,0,0.083193,0.083193,-0.001678,0.676,0.083176,0.083193,-0.001678,0.676,0.083176,0.02459,1.397463,46446221.47584,NORMAL
2004.02.14.16.52.39,0,0,0.083459,0.083459,-0.001991,0.762,0.083435,0.083459,-0.001991,0.762,0.083435,0.092571,1.302226,46744002.56,NORMAL
2004.02.14.17.02.39,0,0,0.083245,0.083245,-0.00203,0.559,0.08322,0.083245,-0.00203,0.559,0.08322,0.012918,1.159103,46504725.7088,NORMAL
2004.02.14.17.12.39,0,0,0.083997,0.083997,-0.001558,0.874,0.083983,0.083997,-0.001558,0.874,0.083983,0.088612,1.421232,47349079.49056,NORMAL
2004.02.14.17.22.39,0,0,0.08329,0.08329,-0.002272,0.64,0.083259,0.08329,-0.002272,0.64,0.083259,0.063319,1.007223,46555132.55936,NORMAL
2004.02.14.17.32.39,0,0,0.083178,0.083178,-0.002024,0.637,0.083153,0.083178,-0.002024,0.637,0.083153,0.04812,1.261534,46429774.56128,NORMAL
2004.02.14.17.42.39,0,0,0.083332,0.083332,-0.002205,0.891,0.083303,0.083332,-0.002205,0.891,0.083303,0.07951,1.514525,46602419.32288,NORMAL
2004.02.14.17.52.39,0,0,0.082165,0.082165,-0.001888,0.671,0.082143,0.082165,-0.001888,0.671,0.082143,0.060073,1.145055,45305476.95616,NORMAL
2004.02.14.18.02.39,0,0,0.081704,0.081704,-0.002112,0.623,0.081677,0.081704,-0.002112,0.623,0.081677,0.05933,1.081875,44798944.4608,NORMAL
2004.02.14.18.12.39,0,0,0.082724,0.082724,-0.001911,0.564,0.082701,0.082724,-0.001911,0.564,0.082701,0.00617,1.194348,45923858.35008,NORMAL
2004.02.14.18.22.39,0,0,0.083135,0.083135,-0.002119,0.559,0.083108,0.083135,-0.002119,0.559,0.083108,0.047072,1.185739,46381518.76608,NORMAL
2004.02.14.18.32.39,0,0,0.082643,0.082643,-0.001888,0.857,0.082621,0.082643,-0.001888,0.857,0.082621,0.0462,1.398339,45834214.93248,NORMAL
2004.02.14.18.42.39,0,0,0.084716,0.084716,-0.00182,0.898,0.084696,0.084716,-0.00182,0.898,0.084696,0.100543,1.533293,48162364.86656,NORMAL
2004.02.14.18.52.39,0,0,0.083916,0.083916,-0.0015,0.784,0.083902,0.083916,-0.0015,0.784,0.083902,0.03787,1.300491,47257051.29984,NORMAL
2004.02.14.19.02.39,0,0,0.083492,0.083492,-0.002268,0.969,0.083461,0.083492,-0.002268,0.969,0.083461,0.096305,1.313302,46780942.58176,NORMAL
2004.02.14.19.12.39,0,0,0.083665,0.083665,-0.001653,0.818,0.083648,0.083665,-0.001653,0.818,0.083648,0.076828,1.329753,46974678.30272,NORMAL
2004.02.14.19.22.39,0,0,0.082223,0.082223,-0.001747,0.764,0.082204,0.082223,-0.001747,0.764,0.082204,0.08687,1.116489,45369466.0608,NORMAL
2004.02.14.19.32.39,0,0,0.082684,0.082684,-0.001868,0.635,0.082663,0.082684,-0.001868,0.635,0.082663,0.021317,1.08206,45880126.2592,NORMAL
2004.02.14.19.42.39,0,0,0.083266,0.083266,-0.00166,0.588,0.08325,0.083266,-0.00166,0.588,0.08325,0.032173,1.042644,46528585.15456,NORMAL
2004.02.14.19.52.39,0,0,0.082218,0.082218,-0.002164,0.664,0.082189,0.082218,-0.002164,0.664,0.082189,0.075619,1.162933,45364031.65184,NORMAL
2004.02.14.20.02.39,0,0,0.084094,0.084094,-0.002095,0.823,0.084068,0.084094,-0.002095,0.823,0.084068,0.037814,1.833998,47458191.68768,NORMAL
2004.02.14.20.12.39,0,0,0.083451,0.083451,-0.002074,0.833,0.083425,0.083451,-0.002074,0.833,0.083425,0.016576,1.50348,46735332.06528,NORMAL
2004.02.14.20.22.39,0,0,0.08363,0.08363,-0.002352,0.613,0.083597,0.08363,-0.002352,0.613,0.083597,0.046164,1.195727,46935503.09376,NORMAL
2004.02.14.20.32.39,0,0,0.082531,0.082531,-0.001665,0.876,0.082514,0.082531,-0.001665,0.876,0.082514,0.018239,1.619507,45710495.41632,NORMAL
2004.02.14.20.42.39,0,0,0.08209,0.08209,-0.002266,0.989,0.082059,0.08209,-0.002266,0.989,0.082059,0.038607,1.587947,45222902.82496,NORMAL
2004.02.14.20.52.39,0,0,0.08197,0.08197,-0.002104,1.008,0.081943,0.08197,-0.002104,1.008,0.081943,0.078496,2.130349,45091371.17184,NORMAL
2004.02.14.21.02.39,0,0,0.083075,0.083075,-0.001962,0.918,0.083052,0.083075,-0.001962,0.918,0.083052,0.088846,1.727499,46315055.43168,NORMAL
2004.02.14.21.12.39,0,0,0.083899,0.083899,-0.00189,0.925,0.083878,0.083899,-0.00189,0.925,0.083878,0.048674,1.580149,47238702.20288,NORMAL
2004.02.14.21.22.39,0,0,0.082924,0.082924,-0.001716,0.679,0.082907,0.082924,-0.001716,0.679,0.082907,0.080568,1.214713,46147038.57664,NORMAL
2004.02.14.21.32.39,0,0,0.083248,0.083248,-0.002136,0.84,0.08322,0.083248,-0.002136,0.84,0.08322,0.045615,1.554011,46507655.5776,NORMAL
2004.02.14.21.42.39,0,0,0.082316,0.082316,-0.001685,0.764,0.082298,0.082316,-0.001685,0.764,0.082298,0.04269,1.682995,45472077.74208,NORMAL
2004.02.14.21.52.39,0,0,0.084091,0.084091,-0.00165,0.696,0.084075,0.084091,-0.00165,0.696,0.084075,0.103741,1.38971,47454958.14144,NORMAL
2004.02.14.22.02.39,0,0,0.083661,0.083661,-0.002146,0.669,0.083633,0.083661,-0.002146,0.669,0.083633,0.062576,1.360945,46970252.57472,NORMAL
2004.02.14.22.12.39,0,0,0.083094,0.083094,-0.001661,0.732,0.083077,0.083094,-0.001661,0.732,0.083077,0.074084,1.425055,46335956.5824,NORMAL
2004.02.14.22.22.39,0,0,0.083051,0.083051,-0.002085,0.713,0.083025,0.083051,-0.002085,0.713,0.083025,0.071317,1.347783,46288611.16416,NORMAL
2004.02.14.22.32.39,0,0,0.083035,0.083035,-0.001824,0.962,0.083015,0.083035,-0.001824,0.962,0.083015,0.027213,1.683621,46270741.21728,NORMAL
2004.02.14.22.42.39,0,0,0.081196,0.081196,-0.001705,0.662,0.081178,0.081196,-0.001705,0.662,0.081178,0.050466,1.044418,44242931.13856,NORMAL
2004.02.14.22.52.39,0,0,0.082782,0.082782,-0.002391,0.825,0.082748,0.082782,-0.002391,0.825,0.082748,0.059164,1.400167,45988934.28736,NORMAL
2004.02.14.23.02.39,0,0,0.083625,0.083625,-0.001725,0.83,0.083607,0.083625,-0.001725,0.83,0.083607,0.002644,1.515828,46930384.24064,NORMAL
2004.02.14.23.12.39,0,0,0.084072,0.084072,-0.001998,0.886,0.084049,0.084072,-0.001998,0.886,0.084049,0.085607,1.667898,47433684.09088,NORMAL
2004.02.14.23.22.39,0,0,0.083786,0.083786,-0.002037,0.947,0.083761,0.083786,-0.002037,0.947,0.083761,0.046888,2.060441,47110514.60608,NORMAL
2004.02.14.23.32.39,0,0,0.082889,0.082889,-0.001921,0.596,0.082867,0.082889,-0.001921,0.596,0.082867,0.074346,1.042979,46107819.95008,NORMAL
2004.02.14.23.42.39,0,0,0.084613,0.084613,-0.001889,0.701,0.084592,0.084613,-0.001889,0.701,0.084592,0.0544,1.557266,48045316.25984,NORMAL
2004.02.14.23.52.39,0,0,0.082666,0.082666,-0.001703,0.886,0.082648,0.082666,-0.001703,0.886,0.082648,0.109929,1.949694,45859860.72576,NORMAL
2004.02.15.00.02.39,0,0,0.083272,0.083272,-0.001815,0.684,0.083252,0.083272,-0.001815,0.684,0.083252,0.058299,1.389756,46534517.88288,NORMAL
2004.02.15.00.12.39,0,0,0.08245,0.08245,-0.002287,0.776,0.082419,0.08245,-0.002287,0.776,0.082419,0.034793,1.358567,45620888.12544,NORMAL
2004.02.15.00.22.39,0,0,0.081762,0.081762,-0.001912,0.591,0.081739,0.081762,-0.001912,0.591,0.081739,0.077609,1.051713,44862148.28032,NORMAL
2004.02.15.00.32.39,0,0,0.082566,0.082566,-0.001939,0.786,0.082544,0.082566,-0.001939,0.786,0.082544,0.068941,1.554048,45749445.50912,NORMAL
2004.02.15.00.42.39,0,0,0.083393,0.083393,-0.00179,0.962,0.083373,0.083393,-0.00179,0.962,0.083373,0.063369,2.026383,46669756.416,NORMAL
2004.02.15.00.52.39,0,0,0.082955,0.082955,-0.001783,0.662,0.082935,0.082955,-0.001783,0.662,0.082935,0.070453,1.101426,46180755.12832,NORMAL
2004.02.15.01.02.39,0,0,0.083842,0.083842,-0.002232,0.969,0.083812,0.083842,-0.002232,0.969,0.083812,0.083753,1.947758,47173505.024,NORMAL
2004.02.15.01.12.39,0,0,0.08367,0.08367,-0.001998,0.95,0.083647,0.08367,-0.001998,0.95,0.083647,0.071759,1.499918,46981220.92544,NORMAL
2004.02.15.01.22.39,0,0,0.082334,0.082334,-0.001684,0.623,0.082317,0.082334,-0.001684,0.623,0.082317,0.089537,1.158913,45492245.87264,NORMAL
2004.02.15.01.32.39,0,0,0.082429,0.082429,-0.002048,0.942,0.082404,0.082429,-0.002048,0.942,0.082404,0.064383,1.775532,45597551.57504,NORMAL
2004.02.15.01.42.39,0,0,0.082317,0.082317,-0.001934,0.791,0.082294,0.082317,-0.001934,0.791,0.082294,0.053164,1.476211,45473284.096,NORMAL
2004.02.15.01.52.39,0,0,0.083004,0.083004,-0.001543,0.732,0.08299,0.083004,-0.001543,0.732,0.08299,0.073743,1.170508,46235987.31264,NORMAL
2004.02.15.02.02.39,0,0,0.08443,0.08443,-0.001765,0.72,0.084412,0.08443,-0.001765,0.72,0.084412,0.034579,1.26275,47838042.112,NORMAL
2004.02.15.02.12.39,0,0,0.083387,0.083387,-0.001987,0.991,0.083363,0.083387,-0.001987,0.991,0.083363,0.080663,2.032311,46663543.1936,NORMAL
2004.02.15.02.22.39,0,0,0.083614,0.083614,-0.002029,0.913,0.08359,0.083614,-0.002029,0.913,0.08359,0.051398,1.584046,46917958.61504,NORMAL
2004.02.15.02.32.39,0,0,0.082483,0.082483,-0.001893,0.891,0.082461,0.082483,-0.001893,0.891,0.082461,0.060154,1.475879,45656948.24448,NORMAL
2004.02.15.02.42.39,0,0,0.083739,0.083739,-0.002126,0.869,0.083712,0.083739,-0.002126,0.869,0.083712,0.092195,1.719803,47058226.13504,NORMAL
2004.02.15.02.52.39,0,0,0.082905,0.082905,-0.002782,0.823,0.082858,0.082905,-0.002782,0.823,0.082858,0.072555,1.497376,46125720.04352,NORMAL
2004.02.15.03.02.39,0,0,0.082088,0.082088,-0.002007,0.686,0.082064,0.082088,-0.002007,0.686,0.082064,0.086522,1.269551,45220991.30368,NORMAL
2004.02.15.03.12.39,0,0,0.082494,0.082494,-0.001661,0.703,0.082478,0.082494,-0.001661,0.703,0.082478,0.077413,1.337675,45669705.56416,NORMAL
2004.02.15.03.22.39,0,0,0.083484,0.083484,-0.001995,0.737,0.08346,0.083484,-0.001995,0.737,0.08346,0.051075,1.185236,46772020.18304,NORMAL
2004.02.15.03.32.39,0,0,0.083119,0.083119,-0.001832,0.627,0.083099,0.083119,-0.001832,0.627,0.083099,0.083898,1.191836,46364116.992,NORMAL
2004.02.15.03.42.39,0,0,0.083187,0.083187,-0.002222,0.859,0.083157,0.083187,-0.002222,0.859,0.083157,0.087422,1.351108,46439806.64832,NORMAL
2004.02.15.03.52.39,0,0,0.08431,0.08431,-0.001857,0.83,0.08429,0.08431,-0.001857,0.83,0.08429,0.084634,1.576867,47702312.71424,NORMAL
2004.02.15.04.02.39,0,0,0.083709,0.083709,-0.001818,0.642,0.08369,0.083709,-0.001818,0.642,0.08369,0.080273,1.216439,47024826.7776,NORMAL
2004.02.15.04.12.39,0,0,0.083694,0.083694,-0.002071,0.85,0.083668,0.083694,-0.002071,0.85,0.083668,0.067522,1.338772,47007271.97696,NORMAL
2004.02.15.04.22.39,0,0,0.083163,0.083163,-0.001866,0.852,0.083142,0.083163,-0.001866,0.852,0.083142,0.061495,1.325621,46413471.90784,NORMAL
2004.02.15.04.32.39,0,0,0.083389,0.083389,-0.001984,0.767,0.083366,0.083389,-0.001984,0.767,0.083366,0.076546,1.25099,46666120.88832,NORMAL
2004.02.15.04.42.39,0,0,0.083171,0.083171,-0.001828,0.879,0.083151,0.083171,-0.001828,0.879,0.083151,0.081923,1.376991,46421796.29056,NORMAL
2004.02.15.04.52.39,0,0,0.080555,0.080555,-0.002144,0.63,0.080526,0.080555,-0.002144,0.63,0.080526,0.071026,0.975796,43547551.90784,NORMAL
2004.02.15.05.02.39,0,0,0.083799,0.083799,-0.001539,1.155,0.083785,0.083799,-0.001539,1.155,0.083785,0.103208,1.778563,47126041.3952,NORMAL
2004.02.15.05.12.39,0,0,0.083112,0.083112,-0.002049,0.876,0.083086,0.083112,-0.002049,0.876,0.083086,0.063695,1.312206,46355842.49856,NORMAL
2004.02.15.05.22.39,0,0,0.081802,0.081802,-0.002152,0.903,0.081774,0.081802,-0.002152,0.903,0.081774,0.070541,1.412645,44906343.05536,NORMAL
2004.02.15.05.32.39,0,0,0.083245,0.083245,-0.002034,0.764,0.08322,0.083245,-0.002034,0.764,0.08322,0.077239,1.52681,46504631.58272,NORMAL
2004.02.15.05.42.39,0,0,0.080619,0.080619,-0.002205,0.615,0.080589,0.080619,-0.002205,0.615,0.080589,0.061513,1.159342,43616761.20064,NORMAL
2004.02.15.05.52.39,0,0,0.082426,0.082426,-0.002012,0.852,0.082401,0.082426,-0.002012,0.852,0.082401,0.064819,1.483071,45593903.26784,NORMAL
2004.02.15.06.02.39,0,0,0.083045,0.083045,-0.002284,0.825,0.083013,0.083045,-0.002284,0.825,0.083013,0.028498,1.515277,46281230.99136,NORMAL
2004.02.15.06.12.39,0,0,0.082657,0.082657,-0.001951,0.847,0.082634,0.082657,-0.001951,0.847,0.082634,0.03717,1.473971,45850017.13664,NORMAL
2004.02.15.06.22.39,0,0,0.081525,0.081525,-0.002155,0.591,0.081496,0.081525,-0.002155,0.591,0.081496,0.079785,0.960119,44602645.54496,NORMAL
2004.02.15.06.32.39,0,0,0.082986,0.082986,-0.002135,0.735,0.082959,0.082986,-0.002135,0.735,0.082959,0.083157,1.450908,46215791.24736,NORMAL
2004.02.15.06.42.39,0,0,0.082819,0.082819,-0.001959,0.974,0.082796,0.082819,-0.001959,0.974,0.082796,0.118308,1.915386,46030265.9584,NORMAL
2004.02.15.06.52.39,0,0,0.082565,0.082565,-0.002177,0.703,0.082536,0.082565,-0.002177,0.703,0.082536,0.019599,1.306727,45747787.28448,NORMAL
2004.02.15.07.02.39,0,0,0.08369,0.08369,-0.002323,0.813,0.083658,0.08369,-0.002323,0.813,0.083658,0.042194,1.560158,47002970.60352,NORMAL
2004.02.15.07.12.39,0,0,0.082702,0.082702,-0.002006,0.881,0.082677,0.082702,-0.002006,0.881,0.082677,0.092307,1.689396,45899425.95584,NORMAL
2004.02.15.07.22.39,0,0,0.081554,0.081554,-0.002016,0.625,0.081529,0.081554,-0.002016,0.625,0.081529,0.067001,1.116549,44634081.36192,NORMAL
2004.02.15.07.32.39,0,0,0.083044,0.083044,-0.002155,0.623,0.083016,0.083044,-0.002155,0.623,0.083016,0.037628,1.191828,46280564.98176,NORMAL
2004.02.15.07.42.39,0,0,0.083189,0.083189,-0.001975,0.786,0.083166,0.083189,-0.001975,0.786,0.083166,0.027844,1.548781,46442105.2416,NORMAL
2004.02.15.07.52.39,0,0,0.082848,0.082848,-0.001864,0.657,0.082827,0.082848,-0.001864,0.657,0.082827,0.075699,1.341874,46062367.78496,NORMAL
2004.02.15.08.02.39,0,0,0.082935,0.082935,-0.002258,0.825,0.082905,0.082935,-0.002258,0.825,0.082905,0.035321,1.547976,46159438.97088,NORMAL
2004.02.15.08.12.39,0,0,0.082557,0.082557,-0.002127,0.833,0.08253,0.082557,-0.002127,0.833,0.08253,0.074671,1.338393,45739326.17728,NORMAL
2004.02.15.08.22.39,0,0,0.081961,0.081961,-0.002069,0.627,0.081935,0.081961,-0.002069,0.627,0.081935,0.055061,1.285232,45080722.80064,NORMAL
2004.02.15.08.32.39,0,0,0.083492,0.083492,-0.00206,0.916,0.083467,0.083492,-0.00206,0.916,0.083467,-0.003305,1.728578,46781246.83264,NORMAL
2004.02.15.08.42.39,0,0,0.083402,0.083402,-0.002046,0.776,0.083377,0.083402,-0.002046,0.776,0.083377,0.042264,1.324675,46680160.82944,NORMAL
2004.02.15.08.52.39,0,0,0.082882,0.082882,-0.002204,0.671,0.082852,0.082882,-0.002204,0.671,0.082852,0.031101,1.154542,46099437.40416,NORMAL
2004.02.15.09.02.39,0,0,0.083393,0.083393,-0.002404,0.808,0.083358,0.083393,-0.002404,0.808,0.083358,0.034859,1.294223,46669693.17376,NORMAL
2004.02.15.09.12.39,0,0,0.082534,0.082534,-0.002135,0.811,0.082506,0.082534,-0.002135,0.811,0.082506,0.033873,1.54273,45713321.24672,NORMAL
2004.02.15.09.22.39,0,0,0.08386,0.08386,-0.001522,0.75,0.083846,0.08386,-0.001522,0.75,0.083846,0.08561,1.331834,47194591.72352,NORMAL
2004.02.15.09.32.39,0,0,0.082847,0.082847,-0.002057,0.776,0.082821,0.082847,-0.002057,0.776,0.082821,0.032139,1.360416,46060837.35552,NORMAL
2004.02.15.09.42.39,0,0,0.082597,0.082597,-0.00249,0.771,0.08256,0.082597,-0.00249,0.771,0.08256,-0.006677,1.370756,45783583.70304,NORMAL
2004.02.15.09.52.39,0,0,0.082675,0.082675,-0.00171,0.679,0.082658,0.082675,-0.00171,0.679,0.082658,0.079792,1.323038,45870391.05024,NORMAL
2004.02.15.10.02.39,0,0,0.08307,0.08307,-0.002441,0.596,0.083034,0.08307,-0.002441,0.596,0.083034,0.076933,1.069733,46309440.3072,NORMAL
2004.02.15.10.12.39,0,0,0.082931,0.082931,-0.001888,0.84,0.082909,0.082931,-0.001888,0.84,0.082909,0.089896,1.371163,46154402.28352,NORMAL
2004.02.15.10.22.39,0,0,0.082697,0.082697,-0.001939,0.696,0.082674,0.082697,-0.001939,0.696,0.082674,0.07711,1.149276,45894192.00512,NORMAL
2004.02.15.10.32.39,0,0,0.083052,0.083052,-0.002101,0.876,0.083026,0.083052,-0.002101,0.876,0.083026,0.019138,1.62832,46289376.13312,NORMAL
2004.02.15.10.42.39,0,0,0.081848,0.081848,-0.002181,0.776,0.081819,0.081848,-0.002181,0.776,0.081819,0.048831,1.303603,44956862.54592,NORMAL
2004.02.15.10.52.39,0,0,0.083126,0.083126,-0.001664,0.598,0.083109,0.083126,-0.001664,0.598,0.083109,0.067121,1.121352,46371482.0096,NORMAL
2004.02.15.11.02.39,0,0,0.082977,0.082977,-0.00213,0.701,0.082949,0.082977,-0.00213,0.701,0.082949,0.058933,1.111,46205205.95456,NORMAL
2004.02.15.11.12.39,0,0,0.083861,0.083861,-0.002355,1.03,0.083828,0.083861,-0.002355,1.03,0.083828,0.057056,1.65575,47195048.42752,NORMAL
2004.02.15.11.22.39,0,0,0.082152,0.082152,-0.00181,0.698,0.082132,0.082152,-0.00181,0.698,0.082132,0.023383,1.146474,45291600.36352,NORMAL
2004.02.15.11.32.39,0,0,0.083127,0.083127,-0.001769,0.62,0.083108,0.083127,-0.001769,0.62,0.083108,0.043138,1.202726,46372426.21952,NORMAL
2004.02.15.11.42.39,0,0,0.083089,0.083089,-0.002022,1.018,0.083065,0.083089,-0.002022,1.018,0.083065,0.038369,1.65544,46330809.71264,NORMAL
2004.02.15.11.52.39,0,0,0.083626,0.083626,-0.001714,0.859,0.083609,0.083626,-0.001714,0.859,0.083609,0.002487,1.57542,46931389.6448,NORMAL
2004.02.15.12.02.39,0,0,0.082689,0.082689,-0.002092,1.018,0.082663,0.082689,-0.002092,1.018,0.082663,0.073867,1.569186,45885677.73184,NORMAL
2004.02.15.12.12.39,0,0,0.08251,0.08251,-0.001792,0.688,0.08249,0.08251,-0.001792,0.688,0.08249,0.078193,1.424605,45686989.78304,NORMAL
2004.02.15.12.22.39,0,0,0.083959,0.083959,-0.002519,0.906,0.083921,0.083959,-0.002519,0.906,0.083921,0.07379,1.775641,47305575.05536,NORMAL
2004.02.15.12.32.39,0,0,0.083213,0.083213,-0.002193,0.781,0.083184,0.083213,-0.002193,0.781,0.083184,0.031592,1.935047,46469247.63136,NORMAL
2004.02.15.12.42.39,0,0,0.084594,0.084594,-0.001996,0.82,0.084571,0.084594,-0.001996,0.82,0.084571,0.004105,1.586623,48024312.2176,NORMAL
2004.02.15.12.52.39,0,0,0.082911,0.082911,-0.001713,0.698,0.082893,0.082911,-0.001713,0.698,0.082893,0.082781,1.261572,46131939.16416,NORMAL
2004.02.15.13.02.39,0,0,0.083385,0.083385,-0.001441,0.842,0.083373,0.083385,-0.001441,0.842,0.083373,0.11386,1.659201,46661327.42144,NORMAL
2004.02.15.13.12.39,0,0,0.082314,0.082314,-0.002098,0.818,0.082287,0.082314,-0.002098,0.818,0.082287,0.078779,1.34742,45470496.19456,NORMAL
2004.02.15.13.22.39,0,0,0.082746,0.082746,-0.002132,0.789,0.082718,0.082746,-0.002132,0.789,0.082718,0.083963,1.374402,45948742.69696,NORMAL
2004.02.15.13.32.39,0,0,0.083164,0.083164,-0.002177,0.696,0.083136,0.083164,-0.002177,0.696,0.083136,0.051536,1.250321,46414676.3776,NORMAL
2004.02.15.13.42.39,0,0,0.083815,0.083815,-0.001939,0.901,0.083793,0.083815,-0.001939,0.901,0.083793,0.052788,1.553051,47144033.40288,NORMAL
2004.02.15.13.52.39,0,0,0.083219,0.083219,-0.001985,0.71,0.083196,0.083219,-0.001985,0.71,0.083196,0.044843,1.636076,46475818.92608,NORMAL
2004.02.15.14.02.39,0,0,0.083782,0.083782,-0.001961,0.747,0.083759,0.083782,-0.001961,0.747,0.083759,0.074427,1.321122,47106670.51008,NORMAL
2004.02.15.14.12.39,0,0,0.083808,0.083808,-0.001559,0.791,0.083793,0.083808,-0.001559,0.791,0.083793,0.059085,1.52685,47135563.28448,NORMAL
2004.02.15.14.22.39,0,0,0.082839,0.082839,-0.002027,0.74,0.082814,0.082839,-0.002027,0.74,0.082814,0.027233,1.189761,46051585.6384,NORMAL
2004.02.15.14.32.39,0,0,0.082163,0.082163,-0.002321,0.566,0.08213,0.082163,-0.002321,0.566,0.08213,0.057297,1.008504,45303799.808,NORMAL
2004.02.15.14.42.39,0,0,0.082701,0.082701,-0.001847,0.684,0.08268,0.082701,-0.001847,0.684,0.08268,0.039298,1.196433,45898449.87904,NORMAL
2004.02.15.14.52.39,0,0,0.084111,0.084111,-0.00218,0.718,0.084083,0.084111,-0.00218,0.718,0.084083,0.034971,1.299611,47477796.20864,NORMAL
2004.02.15.15.02.39,0,0,0.083894,0.083894,-0.002345,0.801,0.083862,0.083894,-0.002345,0.801,0.083862,0.074903,1.391727,47232985.74336,NORMAL
2004.02.15.15.12.39,0,0,0.083498,0.083498,-0.002009,0.706,0.083473,0.083498,-0.002009,0.706,0.083473,0.042131,1.322275,46787310.96064,NORMAL
2004.02.15.15.22.39,0,0,0.085441,0.085441,-0.002028,0.876,0.085417,0.085441,-0.002028,0.876,0.085417,0.069027,1.457634,48990643.07712,NORMAL
2004.02.15.15.32.39,0,0,0.084121,0.084121,-0.002107,0.679,0.084095,0.084121,-0.002107,0.679,0.084095,0.047004,1.211734,47488944.9472,NORMAL
2004.02.15.15.42.39,0,0,0.082728,0.082728,-0.002125,0.708,0.082701,0.082728,-0.002125,0.708,0.082701,0.062865,1.224611,45928983.01952,NORMAL
2004.02.15.15.52.39,0,0,0.082409,0.082409,-0.002279,0.671,0.082378,0.082409,-0.002279,0.671,0.082378,0.035755,0.975409,45575518.12608,NORMAL
2004.02.15.16.02.39,0,0,0.081659,0.081659,-0.001757,0.649,0.08164,0.081659,-0.001757,0.649,0.08164,0.037205,1.203776,44749468.30336,NORMAL
2004.02.15.16.12.39,0,0,0.083504,0.083504,-0.002186,0.757,0.083475,0.083504,-0.002186,0.757,0.083475,0.02608,1.277901,46794232.05376,NORMAL
2004.02.15.16.22.39,0,0,0.082339,0.082339,-0.001733,0.789,0.082321,0.082339,-0.001733,0.789,0.082321,0.040999,1.500491,45498352.10752,NORMAL
2004.02.15.16.32.39,0,0,0.083888,0.083888,-0.001998,0.935,0.083864,0.083888,-0.001998,0.935,0.083864,0.109527,1.330114,47226025.49248,NORMAL
2004.02.15.16.42.39,0,0,0.081925,0.081925,-0.001952,0.889,0.081902,0.081925,-0.001952,0.889,0.081902,0.074598,1.742041,45041811.53792,NORMAL
2004.02.15.16.52.39,0,0,0.083321,0.083321,-0.001998,1.04,0.083297,0.083321,-0.001998,1.04,0.083297,0.06607,1.516152,46589158.35904,NORMAL
2004.02.15.17.02.39,0,0,0.082812,0.082812,-0.00196,0.586,0.082789,0.082812,-0.00196,0.586,0.082789,0.047087,1.015685,46022026.60864,NORMAL
2004.02.15.17.12.39,0,0,0.083139,0.083139,-0.00199,0.884,0.083115,0.083139,-0.00199,0.884,0.083115,0.004202,1.860628,46386034.03264,NORMAL
2004.02.15.17.22.39,0,0,0.082137,0.082137,-0.001931,0.732,0.082114,0.082137,-0.001931,0.732,0.082114,0.038743,1.542038,45274404.94592,NORMAL
2004.02.15.17.32.39,0,0,0.083152,0.083152,-0.001854,0.813,0.083131,0.083152,-0.001854,0.813,0.083131,0.050753,1.286563,46400855.73632,NORMAL
2004.02.15.17.42.39,0,0,0.083186,0.083186,-0.00203,0.852,0.083161,0.083186,-0.00203,0.852,0.083161,0.060518,1.64169,46438480.52736,NORMAL
2004.02.15.17.52.39,0,0,0.08303,0.08303,-0.001972,0.94,0.083007,0.08303,-0.001972,0.94,0.083007,0.096705,1.590805,46264905.07264,NORMAL
2004.02.15.18.02.39,0,0,0.082394,0.082394,-0.001891,0.723,0.082372,0.082394,-0.001891,0.723,0.082372,0.0737,1.055646,45558471.55712,NORMAL
2004.02.15.18.12.39,0,0,0.08294,0.08294,-0.001501,0.667,0.082927,0.08294,-0.001501,0.667,0.082927,0.062808,1.286886,46164868.38272,NORMAL
2004.02.15.18.22.39,0,0,0.083956,0.083956,-0.001808,0.913,0.083936,0.083956,-0.001808,0.913,0.083936,0.063566,2.097827,47302304.48128,NORMAL
2004.02.15.18.32.39,0,0,0.082079,0.082079,-0.002217,0.854,0.082049,0.082079,-0.002217,0.854,0.082049,0.088756,1.594317,45210490.63424,NORMAL
2004.02.15.18.42.39,0,0,0.082597,0.082597,-0.001744,0.83,0.082578,0.082597,-0.001744,0.83,0.082578,0.040897,1.266747,45783172.3008,NORMAL
2004.02.15.18.52.39,0,0,0.082708,0.082708,-0.002037,0.837,0.082683,0.082708,-0.002037,0.837,0.082683,0.087694,1.70733,45906353.02912,NORMAL
2004.02.15.19.02.39,0,0,0.08241,0.08241,-0.002357,0.73,0.082376,0.08241,-0.002357,0.73,0.082376,0.009584,1.493603,45576365.91616,NORMAL
2004.02.15.19.12.39,0,0,0.082644,0.082644,-0.001984,0.984,0.08262,0.082644,-0.001984,0.984,0.08262,0.100791,1.887288,45835119.8208,NORMAL
2004.02.15.19.22.39,0,0,0.082784,0.082784,-0.001754,1.008,0.082766,0.082784,-0.001754,1.008,0.082766,0.097273,1.506283,45991109.34528,NORMAL
2004.02.15.19.32.39,0,0,0.082127,0.082127,-0.001982,0.999,0.082103,0.082127,-0.001982,0.999,0.082103,0.038659,1.497887,45263764.52096,NORMAL
2004.02.15.19.42.39,0,0,0.082389,0.082389,-0.001849,0.671,0.082368,0.082389,-0.001849,0.671,0.082368,0.052949,1.282107,45552666.86976,NORMAL
2004.02.15.19.52.39,0,0,0.083901,0.083901,-0.00231,1.035,0.083869,0.083901,-0.00231,1.035,0.083869,0.034947,1.746221,47240624.128,NORMAL
2004.02.15.20.02.39,0,0,0.081594,0.081594,-0.002374,0.725,0.081559,0.081594,-0.002374,0.725,0.081559,0.058264,1.436473,44677731.36896,NORMAL
2004.02.15.20.12.39,0,0,0.081678,0.081678,-0.002075,0.833,0.081651,0.081678,-0.002075,0.833,0.081651,0.038379,1.346857,44769930.52672,NORMAL
2004.02.15.20.22.39,0,0,0.082778,0.082778,-0.001788,0.754,0.082759,0.082778,-0.001788,0.754,0.082759,0.026819,1.507187,45984343.98208,NORMAL
2004.02.15.20.32.39,0,0,0.082742,0.082742,-0.002028,0.833,0.082717,0.082742,-0.002028,0.833,0.082717,0.038712,1.58992,45943994.04032,NORMAL
2004.02.15.20.42.39,0,0,0.08274,0.08274,-0.001897,0.872,0.082718,0.08274,-0.001897,0.872,0.082718,0.091551,1.429706,45942154.8544,NORMAL
2004.02.15.20.52.39,0,0,0.081342,0.081342,-0.002124,0.803,0.081315,0.081342,-0.002124,0.803,0.081315,0.093139,1.438138,44403236.29056,NORMAL
2004.02.15.21.02.39,0,0,0.082045,0.082045,-0.001748,0.879,0.082027,0.082045,-0.001748,0.879,0.082027,0.012412,1.706671,45174019.60448,NORMAL
2004.02.15.21.12.39,0,0,0.082839,0.082839,-0.002369,0.713,0.082805,0.082839,-0.002369,0.713,0.082805,0.050013,1.386881,46051904.22528,NORMAL
2004.02.15.21.22.39,0,0,0.083708,0.083708,-0.001893,0.791,0.083687,0.083708,-0.001893,0.791,0.083687,0.055872,1.238571,47023414.96832,NORMAL
2004.02.15.21.32.39,0,0,0.082724,0.082724,-0.002623,0.637,0.082682,0.082724,-0.002623,0.637,0.082682,0.069255,1.052203,45924437.77024,NORMAL
2004.02.15.21.42.39,0,0,0.082587,0.082587,-0.001975,0.774,0.082563,0.082587,-0.001975,0.774,0.082563,0.026349,1.190127,45771923.78368,NORMAL
2004.02.15.21.52.39,0,0,0.081666,0.081666,-0.001671,0.977,0.081649,0.081666,-0.001671,0.977,0.081649,0.101035,1.672016,44756821.44256,NORMAL
2004.02.15.22.02.39,0,0,0.082343,0.082343,-0.001917,0.735,0.08232,0.082343,-0.001917,0.735,0.08232,0.033952,1.393445,45501857.792,NORMAL
2004.02.15.22.12.39,0,0,0.083072,0.083072,-0.001823,0.798,0.083052,0.083072,-0.001823,0.798,0.083052,0.057655,1.425957,46310997.27872,NORMAL
2004.02.15.22.22.39,0,0,0.083431,0.083431,-0.001697,0.881,0.083414,0.083431,-0.001697,0.881,0.083414,0.065815,1.461966,46712902.4512,NORMAL
2004.02.15.22.32.39,0,0,0.084093,0.084093,-0.002104,0.857,0.084067,0.084093,-0.002104,0.857,0.084067,0.053984,1.515757,47456908.32896,NORMAL
2004.02.15.22.42.39,0,0,0.083199,0.083199,-0.001802,0.723,0.083179,0.083199,-0.001802,0.723,0.083179,0.039021,0.981875,46452963.24608,NORMAL
2004.02.15.22.52.39,0,0,0.083063,0.083063,-0.001764,0.737,0.083044,0.083063,-0.001764,0.737,0.083044,0.061812,1.235847,46301624.15616,NORMAL
2004.02.15.23.02.39,0,0,0.083994,0.083994,-0.001741,0.759,0.083976,0.083994,-0.001741,0.759,0.083976,0.043013,1.431655,47344874.45504,NORMAL
2004.02.15.23.12.39,0,0,0.083456,0.083456,-0.001928,0.61,0.083434,0.083456,-0.001928,0.61,0.083434,0.061992,1.096412,46740828.16,NORMAL
2004.02.15.23.22.39,0,0,0.083074,0.083074,-0.002367,0.723,0.08304,0.083074,-0.002367,0.723,0.08304,0.067797,1.280892,46313564.40576,NORMAL
2004.02.15.23.32.39,0,0,0.082805,0.082805,-0.001845,0.669,0.082784,0.082805,-0.001845,0.669,0.082784,0.053047,1.235299,46014030.39744,NORMAL
2004.02.15.23.42.39,0,0,0.083479,0.083479,-0.00224,0.715,0.083449,0.083479,-0.00224,0.715,0.083449,0.074919,1.274144,46766595.11296,NORMAL
2004.02.15.23.52.39,0,0,0.084651,0.084651,-0.001923,0.725,0.084629,0.084651,-0.001923,0.725,0.084629,0.084192,1.274056,48088857.64096,NORMAL
2004.02.16.00.02.39,0,0,0.082859,0.082859,-0.001942,0.647,0.082836,0.082859,-0.001942,0.647,0.082836,0.071664,1.156956,46074185.97376,NORMAL
2004.02.16.00.12.39,0,0,0.082694,0.082694,-0.00243,0.857,0.082658,0.082694,-0.00243,0.857,0.082658,0.012775,1.523744,45890597.92896,NORMAL
2004.02.16.00.22.39,0,0,0.083185,0.083185,-0.002208,0.825,0.083156,0.083185,-0.002208,0.825,0.083156,0.066053,1.586914,46438124.09344,NORMAL
2004.02.16.00.32.39,0,0,0.082697,0.082697,-0.002107,0.603,0.08267,0.082697,-0.002107,0.603,0.08267,0.073437,1.103636,45894568.3456,NORMAL
2004.02.16.00.42.39,0,0,0.083722,0.083722,-0.001766,1.025,0.083703,0.083722,-0.001766,1.025,0.083703,0.095307,2.1131,47039169.08544,NORMAL
2004.02.16.00.52.39,0,0,0.082191,0.082191,-0.002173,0.889,0.082162,0.082191,-0.002173,0.889,0.082162,-0.028006,1.476479,45334076.29312,NORMAL
2004.02.16.01.02.39,0,0,0.082853,0.082853,-0.00154,0.74,0.082839,0.082853,-0.00154,0.74,0.082839,0.040439,1.487626,46067760.66048,NORMAL
2004.02.16.01.12.39,0,0,0.083671,0.083671,-0.001841,0.688,0.08365,0.083671,-0.001841,0.688,0.08365,0.045583,1.2077,46981468.5696,NORMAL
2004.02.16.01.22.39,0,0,0.082188,0.082188,-0.002063,0.767,0.082162,0.082188,-0.002063,0.767,0.082162,0.058714,1.441652,45330845.2864,NORMAL
2004.02.16.01.32.39,0,0,0.083213,0.083213,-0.002404,0.745,0.083178,0.083213,-0.002404,0.745,0.083178,0.062539,1.55149,46468342.9888,NORMAL
2004.02.16.01.42.39,0,0,0.084835,0.084835,-0.002159,0.776,0.084807,0.084835,-0.002159,0.776,0.084807,0.002367,1.561355,48297727.83616,NORMAL
2004.02.16.01.52.39,0,0,0.083502,0.083502,-0.00203,0.876,0.083477,0.083502,-0.00203,0.876,0.083477,0.091921,1.468358,46791779.69664,NORMAL
2004.02.16.02.02.39,0,0,0.08432,0.08432,-0.001499,0.759,0.084307,0.08432,-0.001499,0.759,0.084307,0.075762,1.532419,47713927.41376,NORMAL
2004.02.16.02.12.39,0,0,0.083013,0.083013,-0.002114,0.867,0.082986,0.083013,-0.002114,0.867,0.082986,0.069473,1.462948,46245330.1248,NORMAL
2004.02.16.02.22.39,0,0,0.083244,0.083244,-0.001907,0.881,0.083222,0.083244,-0.001907,0.881,0.083222,0.049707,1.56525,46503125.97504,NORMAL
2004.02.16.02.32.39,0,0,0.083301,0.083301,-0.00188,0.75,0.08328,0.083301,-0.00188,0.75,0.08328,0.079741,1.31451,46567484.2112,NORMAL
2004.02.16.02.42.39,0,0,0.082488,0.082488,-0.001902,0.947,0.082466,0.082488,-0.001902,0.947,0.082466,0.067564,1.732339,45662463.83616,NORMAL
2004.02.16.02.52.39,0,0,0.084062,0.084062,-0.002449,0.85,0.084026,0.084062,-0.002449,0.85,0.084026,0.016472,1.205303,47421629.07136,NORMAL
2004.02.16.03.02.39,0,0,0.08263,0.08263,-0.002185,0.818,0.082601,0.08263,-0.002185,0.818,0.082601,0.035899,1.502598,45820395.27424,NORMAL
2004.02.16.03.12.39,0,0,0.084705,0.084705,-0.001879,0.706,0.084684,0.084705,-0.001879,0.706,0.084684,0.037551,1.356428,48150066.29888,NORMAL
2004.02.16.03.22.39,0,0,0.085399,0.085399,-0.002227,0.864,0.08537,0.085399,-0.002227,0.864,0.08537,0.009583,1.379688,48942567.75168,NORMAL
2004.02.16.03.32.39,0,0,0.08447,0.08447,-0.002004,0.92,0.084446,0.08447,-0.002004,0.92,0.084446,0.092023,1.567564,47883307.66336,NORMAL
2004.02.16.03.42.39,0,0,0.083995,0.083995,-0.001605,0.618,0.08398,0.083995,-0.001605,0.618,0.08398,0.009577,1.085651,47346720.11264,NORMAL
2004.02.16.03.52.39,0,0,0.084081,0.084081,-0.001956,0.754,0.084059,0.084081,-0.001956,0.754,0.084059,0.08487,1.151122,47443902.70976,NORMAL
2004.02.16.04.02.39,0,0,0.084825,0.084825,-0.002123,1.284,0.084798,0.084825,-0.002123,1.284,0.084798,0.069819,2.184621,48286385.84832,NORMAL
2004.02.16.04.12.39,0,0,0.087088,0.087088,-0.001976,0.881,0.087066,0.087088,-0.001976,0.881,0.087066,0.065534,1.353811,50897856.9216,NORMAL
2004.02.16.04.22.39,0,0,0.085717,0.085717,-0.001974,0.923,0.085694,0.085717,-0.001974,0.923,0.085694,0.065455,1.395402,49307373.40416,NORMAL
2004.02.16.04.32.39,0,0,0.085048,0.085048,-0.001864,0.83,0.085028,0.085048,-0.001864,0.83,0.085028,0.010147,1.431251,48541113.22112,NORMAL
2004.02.16.04.42.39,0,0,0.084662,0.084662,-0.001987,0.879,0.084638,0.084662,-0.001987,0.879,0.084638,0.063878,1.258486,48101027.26656,NORMAL
2004.02.16.04.52.39,0,0,0.084756,0.084756,-0.002079,0.779,0.08473,0.084756,-0.002079,0.779,0.08473,0.079695,1.228779,48207947.776,NORMAL
2004.02.16.05.02.39,0,0,0.085123,0.085123,-0.002113,0.715,0.085096,0.085123,-0.002113,0.715,0.085096,0.040636,1.160266,48626034.44224,NORMAL
2004.02.16.05.12.39,0,0,0.084055,0.084055,-0.001998,0.674,0.084031,0.084055,-0.001998,0.674,0.084031,0.070574,1.05163,47413704.704,NORMAL
2004.02.16.05.22.39,0,0,0.085164,0.085164,-0.001989,0.964,0.085141,0.085164,-0.001989,0.964,0.085141,0.068048,1.416088,48673768.98048,NORMAL
2004.02.16.05.32.39,0,0,0.084531,0.084531,-0.002496,0.698,0.084495,0.084531,-0.002496,0.698,0.084495,0.034556,1.168528,47953039.19616,NORMAL
2004.02.16.05.42.39,0,0,0.085444,0.085444,-0.00216,0.803,0.085417,0.085444,-0.00216,0.803,0.085417,0.038165,1.202907,48993959.85408,NORMAL
2004.02.16.05.52.39,0,0,0.085232,0.085232,-0.00162,0.73,0.085216,0.085232,-0.00162,0.73,0.085216,0.033168,1.117616,48751016.18176,NORMAL
2004.02.16.06.02.39,0,0,0.08587,0.08587,-0.001988,0.815,0.085847,0.08587,-0.001988,0.815,0.085847,0.057778,1.145068,49483481.41568,NORMAL
2004.02.16.06.12.39,0,0,0.086913,0.086913,-0.002314,0.837,0.086882,0.086913,-0.002314,0.837,0.086882,0.0449,1.343478,50693134.49984,NORMAL
2004.02.16.06.22.39,0,0,0.085787,0.085787,-0.002058,0.957,0.085762,0.085787,-0.002058,0.957,0.085762,0.06908,1.537159,49388352.38912,NORMAL
2004.02.16.06.32.39,0,0,0.084853,0.084853,-0.00238,0.759,0.08482,0.084853,-0.00238,0.759,0.08482,0.03875,1.042315,48319160.56576,NORMAL
2004.02.16.06.42.39,0,0,0.085392,0.085392,-0.001761,0.852,0.085374,0.085392,-0.001761,0.852,0.085374,0.013521,1.330304,48934017.024,NORMAL
2004.02.16.06.52.39,0,0,0.086679,0.086679,-0.002221,0.972,0.08665,0.086679,-0.002221,0.972,0.08665,-0.007103,1.599293,50420072.61184,NORMAL
2004.02.16.07.02.39,0,0,0.085462,0.085462,-0.002199,0.73,0.085434,0.085462,-0.002199,0.73,0.085434,0.039106,1.207455,49014904.66816,NORMAL
2004.02.16.07.12.39,0,0,0.084286,0.084286,-0.002108,0.813,0.084259,0.084286,-0.002108,0.813,0.084259,-0.003136,1.359779,47674537.24672,NORMAL
2004.02.16.07.22.39,0,0,0.086396,0.086396,-0.00196,0.852,0.086374,0.086396,-0.00196,0.852,0.086374,0.046926,1.507578,50091802.70592,NORMAL
2004.02.16.07.32.39,0,0,0.083984,0.083984,-0.00199,0.652,0.08396,0.083984,-0.00199,0.652,0.08396,0.078865,1.188755,47333783.30624,NORMAL
2004.02.16.07.42.39,0,0,0.085812,0.085812,-0.002271,0.986,0.085782,0.085812,-0.002271,0.986,0.085782,0.069772,1.438829,49417468.80512,NORMAL
2004.02.16.07.52.39,0,0,0.086065,0.086065,-0.002276,0.898,0.086034,0.086065,-0.002276,0.898,0.086034,0.066612,1.342278,49708285.62432,NORMAL
2004.02.16.08.02.39,0,0,0.085561,0.085561,-0.001987,0.994,0.085538,0.085561,-0.001987,0.994,0.085538,0.084885,1.34455,49128254.50496,NORMAL
2004.02.16.08.12.39,0,0,0.085643,0.085643,-0.001911,0.845,0.085622,0.085643,-0.001911,0.845,0.085622,0.014639,1.199302,49222966.23104,NORMAL
2004.02.16.08.22.39,0,0,0.085778,0.085778,-0.002281,0.806,0.085748,0.085778,-0.002281,0.806,0.085748,0.07678,1.198829,49378358.72256,NORMAL
2004.02.16.08.32.39,0,0,0.085142,0.085142,-0.002035,0.745,0.085118,0.085142,-0.002035,0.745,0.085118,-0.000924,1.197298,48648853.66784,NORMAL
2004.02.16.08.42.39,0,0,0.085786,0.085786,-0.001815,0.737,0.085767,0.085786,-0.001815,0.737,0.085767,0.050707,1.285556,49387476.41856,NORMAL
2004.02.16.08.52.39,0,0,0.086247,0.086247,-0.001977,0.857,0.086224,0.086247,-0.001977,0.857,0.086224,0.09569,1.339131,49918804.62336,NORMAL
2004.02.16.09.02.39,0,0,0.08486,0.08486,-0.002486,0.662,0.084823,0.08486,-0.002486,0.662,0.084823,0.029342,1.1173,48326173.81888,NORMAL
2004.02.16.09.12.39,0,0,0.084761,0.084761,-0.002137,0.977,0.084734,0.084761,-0.002137,0.977,0.084734,-0.005315,1.351726,48213662.02368,NORMAL
2004.02.16.09.22.39,0,0,0.086081,0.086081,-0.001806,0.71,0.086062,0.086081,-0.001806,0.71,0.086062,0.047369,1.289706,49727466.45504,NORMAL
2004.02.16.09.32.39,0,0,0.086206,0.086206,-0.001805,0.735,0.086187,0.086206,-0.001805,0.735,0.086187,0.044341,1.266317,49872074.17856,NORMAL
2004.02.16.09.42.39,0,0,0.086439,0.086439,-0.00222,0.74,0.086411,0.086439,-0.00222,0.74,0.086411,0.052615,1.103753,50142203.57632,NORMAL
2004.02.16.09.52.39,0,0,0.085115,0.085115,-0.002484,0.759,0.085079,0.085115,-0.002484,0.759,0.085079,0.059565,1.218027,48617920.83968,NORMAL
2004.02.16.10.02.39,0,0,0.086395,0.086395,-0.001874,0.933,0.086375,0.086395,-0.001874,0.933,0.086375,0.095837,1.469497,50091001.856,NORMAL
2004.02.16.10.12.39,0,0,0.085852,0.085852,-0.001944,0.73,0.08583,0.085852,-0.001944,0.73,0.08583,0.036346,1.259761,49463180.16512,NORMAL
2004.02.16.10.22.39,0,0,0.08725,0.08725,-0.001602,0.815,0.087236,0.08725,-0.001602,0.815,0.087236,0.072045,1.12744,51087553.65888,NORMAL
2004.02.16.10.32.39,0,0,0.085653,0.085653,-0.001763,0.92,0.085635,0.085653,-0.001763,0.92,0.085635,0.064106,1.199654,49233800.31488,NORMAL
2004.02.16.10.42.39,0,0,0.085409,0.085409,-0.002132,0.728,0.085382,0.085409,-0.002132,0.728,0.085382,0.020091,1.127259,48953608.35584,NORMAL
2004.02.16.10.52.39,0,0,0.085661,0.085661,-0.002048,0.879,0.085636,0.085661,-0.002048,0.879,0.085636,0.081247,1.347515,49242770.14528,NORMAL
2004.02.16.11.02.39,0,0,0.086838,0.086838,-0.001867,0.662,0.086818,0.086838,-0.001867,0.662,0.086818,0.049069,1.077491,50605424.80384,NORMAL
2004.02.16.11.12.39,0,0,0.085905,0.085905,-0.002228,0.742,0.085876,0.085905,-0.002228,0.742,0.085876,0.041334,1.158958,49524269.62944,NORMAL
2004.02.16.11.22.39,0,0,0.086577,0.086577,-0.002103,0.84,0.086551,0.086577,-0.002103,0.84,0.086551,0.065693,1.071435,50301539.45088,NORMAL
2004.02.16.11.32.39,0,0,0.085709,0.085709,-0.002071,0.684,0.085684,0.085709,-0.002071,0.684,0.085684,0.037346,1.204989,49298418.0736,NORMAL
2004.02.16.11.42.39,0,0,0.087563,0.087563,-0.002171,0.737,0.087536,0.087563,-0.002171,0.737,0.087536,0.018783,1.22394,51454480.46592,NORMAL
2004.02.16.11.52.39,0,0,0.085669,0.085669,-0.001872,0.83,0.085649,0.085669,-0.001872,0.83,0.085649,0.026203,1.161651,49252610.21184,NORMAL
2004.02.16.12.02.39,0,0,0.085464,0.085464,-0.002107,0.64,0.085438,0.085464,-0.002107,0.64,0.085438,0.060929,1.121914,49016767.61088,NORMAL
2004.02.16.12.12.39,0,0,0.086747,0.086747,-0.002124,0.789,0.086721,0.086747,-0.002124,0.789,0.086721,0.062513,1.384758,50500130.89792,NORMAL
2004.02.16.12.22.39,0,0,0.087143,0.087143,-0.002252,0.969,0.087114,0.087143,-0.002252,0.969,0.087114,0.039277,1.502104,50961746.90304,NORMAL
2004.02.16.12.32.39,0,0,0.085936,0.085936,-0.001742,0.796,0.085918,0.085936,-0.001742,0.796,0.085918,0.050141,1.309309,49559940.62848,NORMAL
2004.02.16.12.42.39,0,0,0.087137,0.087137,-0.00232,0.84,0.087106,0.087137,-0.00232,0.84,0.087106,-0.002899,1.225544,50954653.696,NORMAL
2004.02.16.12.52.39,0,0,0.085891,0.085891,-0.001668,0.83,0.085874,0.085891,-0.001668,0.83,0.085874,0.059691,1.378051,49507409.5104,NORMAL
2004.02.16.13.02.39,0,0,0.085302,0.085302,-0.002072,0.667,0.085277,0.085302,-0.002072,0.667,0.085277,0.055531,0.967801,48831378.80064,WARNING
2004.02.16.13.12.39,0,0,0.086646,0.086646,-0.001879,0.85,0.086626,0.086646,-0.001879,0.85,0.086626,0.037837,1.657355,50382597.7344,WARNING
2004.02.16.13.22.39,0,0,0.086546,0.086546,-0.002012,0.718,0.086523,0.086546,-0.002012,0.718,0.086523,0.038441,1.142944,50266364.80512,WARNING
2004.02.16.13.32.39,0,0,0.087211,0.087211,-0.002065,0.762,0.087186,0.087211,-0.002065,0.762,0.087186,0.049849,1.156902,51041156.7104,WARNING
2004.02.16.13.42.39,0,0,0.086054,0.086054,-0.00192,0.613,0.086032,0.086054,-0.00192,0.613,0.086032,0.018434,1.073853,49695706.56256,WARNING
2004.02.16.13.52.39,0,0,0.086471,0.086471,-0.001879,0.901,0.08645,0.086471,-0.001879,0.901,0.08645,0.029354,1.276548,50178728.59136,WARNING
2004.02.16.14.02.39,0,0,0.087625,0.087625,-0.001983,0.703,0.087603,0.087625,-0.001983,0.703,0.087603,0.064677,1.225661,51527585.71008,WARNING
2004.02.16.14.12.39,0,0,0.087047,0.087047,-0.002197,0.754,0.087019,0.087047,-0.002197,0.754,0.087019,0.048537,1.302256,50849087.81568,WARNING
2004.02.16.14.22.39,0,0,0.086907,0.086907,-0.002187,0.955,0.086879,0.086907,-0.002187,0.955,0.086879,0.064278,1.364622,50685755.14624,WARNING
2004.02.16.14.32.39,0,0,0.087079,0.087079,-0.001741,0.891,0.087061,0.087079,-0.001741,0.891,0.087061,0.080707,1.108491,50886581.78048,WARNING
2004.02.16.14.42.39,0,0,0.086441,0.086441,-0.001989,0.979,0.086418,0.086441,-0.001989,0.979,0.086418,0.040893,1.554996,50144372.736,WARNING
2004.02.16.14.52.39,0,0,0.08631,0.08631,-0.001968,0.989,0.086288,0.08631,-0.001968,0.989,0.086288,0.085713,1.148562,49992722.67776,WARNING
2004.02.16.15.02.39,0,0,0.086914,0.086914,-0.001599,0.798,0.0869,0.086914,-0.001599,0.798,0.0869,0.081449,1.110848,50694725.632,WARNING
2004.02.16.15.12.39,0,0,0.086527,0.086527,-0.002237,0.723,0.086498,0.086527,-0.002237,0.723,0.086498,0.020003,1.281477,50244231.08608,WARNING
2004.02.16.15.22.39,0,0,0.087912,0.087912,-0.002108,0.911,0.087887,0.087912,-0.002108,0.911,0.087887,0.07289,1.279593,51865008.9472,WARNING
2004.02.16.15.32.39,0,0,0.086673,0.086673,-0.002086,1.038,0.086648,0.086673,-0.002086,1.038,0.086648,0.06513,1.544376,50413510.2464,WARNING
2004.02.16.15.42.39,0,0,0.087644,0.087644,-0.002054,0.779,0.08762,0.087644,-0.002054,0.779,0.08762,0.033098,1.097557,51549110.19008,WARNING
2004.02.16.15.52.39,0,0,0.08876,0.08876,-0.00185,0.789,0.088741,0.08876,-0.00185,0.789,0.088741,0.054276,1.223446,52870822.13376,WARNING
2004.02.16.16.02.39,0,0,0.08788,0.08788,-0.001759,0.886,0.087862,0.08788,-0.001759,0.886,0.087862,0.018391,1.406651,51827171.328,WARNING
2004.02.16.16.12.39,0,0,0.088063,0.088063,-0.002442,0.652,0.088029,0.088063,-0.002442,0.652,0.088029,0.056981,1.021012,52042979.00032,WARNING
2004.02.16.16.22.39,0,0,0.0873,0.0873,-0.001899,0.779,0.087279,0.0873,-0.001899,0.779,0.087279,0.025233,1.205242,51145647.06304,WARNING
2004.02.16.16.32.39,0,0,0.087706,0.087706,-0.002314,0.791,0.087675,0.087706,-0.002314,0.791,0.087675,0.058026,1.158658,51622184.5504,WARNING
2004.02.16.16.42.39,0,0,0.08793,0.08793,-0.001777,0.964,0.087912,0.08793,-0.001777,0.964,0.087912,0.058063,1.249103,51886147.25632,WARNING
2004.02.16.16.52.39,0,0,0.088622,0.088622,-0.00189,0.806,0.088602,0.088622,-0.00189,0.806,0.088602,0.048258,1.365799,52706192.09728,WARNING
2004.02.16.17.02.39,0,0,0.087933,0.087933,-0.001899,0.854,0.087912,0.087933,-0.001899,0.854,0.087912,0.031596,1.115553,51889836.8512,WARNING
2004.02.16.17.12.39,0,0,0.08776,0.08776,-0.001671,0.935,0.087744,0.08776,-0.001671,0.935,0.087744,0.065954,1.394144,51685719.98208,WARNING
2004.02.16.17.22.39,0,0,0.088327,0.088327,-0.002054,0.713,0.088303,0.088327,-0.002054,0.713,0.088303,0.045129,1.158641,52356274.01216,WARNING
2004.02.16.17.32.39,0,0,0.088743,0.088743,-0.001702,0.703,0.088727,0.088743,-0.001702,0.703,0.088727,0.066341,1.150183,52850556.27264,WARNING
2004.02.16.17.42.39,0,0,0.088015,0.088015,-0.002002,0.767,0.087992,0.088015,-0.002002,0.767,0.087992,0.049135,1.248858,51986437.65248,WARNING
2004.02.16.17.52.39,0,0,0.086301,0.086301,-0.001836,0.825,0.086282,0.086301,-0.001836,0.825,0.086282,0.035634,1.438149,49982307.28704,WARNING
2004.02.16.18.02.39,0,0,0.08931,0.08931,-0.002015,0.649,0.089287,0.08931,-0.002015,0.649,0.089287,0.016042,1.172748,53527296.98304,WARNING
2004.02.16.18.12.39,0,0,0.087788,0.087788,-0.001351,0.806,0.087778,0.087788,-0.001351,0.806,0.087778,0.064011,1.06481,51719123.43552,WARNING
2004.02.16.18.22.39,0,0,0.088207,0.088207,-0.001717,0.845,0.08819,0.088207,-0.001717,0.845,0.08819,0.043801,1.209347,52213376.04096,WARNING
2004.02.16.18.32.39,0,0,0.088848,0.088848,-0.002241,0.723,0.08882,0.088848,-0.002241,0.723,0.08882,0.055261,1.144316,52975811.95264,WARNING
2004.02.16.18.42.39,0,0,0.088059,0.088059,-0.002021,0.74,0.088036,0.088059,-0.002021,0.74,0.088036,0.067614,1.106238,52038853.8368,WARNING
2004.02.16.18.52.39,0,0,0.087262,0.087262,-0.002299,0.657,0.087231,0.087262,-0.002299,0.657,0.087231,0.050348,0.922958,51100662.00576,WARNING
2004.02.16.19.02.39,0,0,0.087662,0.087662,-0.002118,0.801,0.087637,0.087662,-0.002118,0.801,0.087637,0.041845,1.182621,51570882.39616,WARNING
2004.02.16.19.12.39,0,0,0.08855,0.08855,-0.002019,0.796,0.088527,0.08855,-0.002019,0.796,0.088527,0.057784,1.015151,52620899.36896,WARNING
2004.02.16.19.22.39,0,0,0.088058,0.088058,-0.001905,1.057,0.088038,0.088058,-0.001905,1.057,0.088038,0.049977,1.479507,52038168.24832,WARNING
2004.02.16.19.32.39,0,0,0.087465,0.087465,-0.002366,0.72,0.087433,0.087465,-0.002366,0.72,0.087433,0.047371,1.301782,51338813.76768,WARNING
2004.02.16.19.42.39,0,0,0.088409,0.088409,-0.001881,0.818,0.088389,0.088409,-0.001881,0.818,0.088389,0.058742,1.215385,52452955.99616,WARNING
2004.02.16.19.52.39,0,0,0.089252,0.089252,-0.001982,0.767,0.08923,0.089252,-0.001982,0.767,0.08923,0.048396,1.269173,53458447.40096,WARNING
2004.02.16.20.02.39,0,0,0.087098,0.087098,-0.002011,0.789,0.087075,0.087098,-0.002011,0.789,0.087075,0.045846,1.282047,50909478.66624,WARNING
2004.02.16.20.12.39,0,0,0.088033,0.088033,-0.002273,0.627,0.088004,0.088033,-0.002273,0.627,0.088004,0.032117,0.957682,52008364.60544,WARNING
2004.02.16.20.22.39,0,0,0.087959,0.087959,-0.002145,0.767,0.087933,0.087959,-0.002145,0.767,0.087933,0.023593,1.319267,51920392.11008,WARNING
2004.02.16.20.32.39,0,0,0.087799,0.087799,-0.002234,0.723,0.08777,0.087799,-0.002234,0.723,0.08777,0.012699,1.310793,51731429.21216,WARNING
2004.02.16.20.42.39,0,0,0.088406,0.088406,-0.001963,0.815,0.088384,0.088406,-0.001963,0.815,0.088384,0.038479,1.447143,52449588.0192,WARNING
2004.02.16.20.52.39,0,0,0.087396,0.087396,-0.002076,0.75,0.087372,0.087396,-0.002076,0.75,0.087372,0.077923,1.172494,51258517.25824,WARNING
2004.02.16.21.02.39,0,0,0.088673,0.088673,-0.00204,0.654,0.088649,0.088673,-0.00204,0.654,0.088649,0.019296,1.007024,52766520.77056,WARNING
2004.02.16.21.12.39,0,0,0.088375,0.088375,-0.001663,0.889,0.08836,0.088375,-0.001663,0.889,0.08836,0.046612,1.353902,52413356.35968,WARNING
2004.02.16.21.22.39,0,0,0.088588,0.088588,-0.001766,0.789,0.08857,0.088588,-0.001766,0.789,0.08857,0.032684,1.18297,52666010.66496,WARNING
2004.02.16.21.32.39,0,0,0.088584,0.088584,-0.002052,0.896,0.08856,0.088584,-0.002052,0.896,0.08856,0.077513,1.356924,52660737.55648,WARNING
2004.02.16.21.42.39,0,0,0.08815,0.08815,-0.001719,0.791,0.088133,0.08815,-0.001719,0.791,0.088133,0.041745,1.323843,52146200.08448,WARNING
2004.02.16.21.52.39,0,0,0.088446,0.088446,-0.001672,0.664,0.08843,0.088446,-0.001672,0.664,0.08843,0.012081,1.085574,52496833.98656,WARNING
2004.02.16.22.02.39,0,0,0.088217,0.088217,-0.001702,0.828,0.088201,0.088217,-0.001702,0.828,0.088201,0.03925,1.038367,52226308.25984,WARNING
2004.02.16.22.12.39,0,0,0.088793,0.088793,-0.001766,0.74,0.088775,0.088793,-0.001766,0.74,0.088775,0.058629,1.038517,52909678.75584,WARNING
2004.02.16.22.22.39,0,0,0.09088,0.09088,-0.002066,0.791,0.090857,0.09088,-0.002066,0.791,0.090857,0.041854,1.481949,55426725.15072,WARNING
2004.02.16.22.32.39,0,0,0.090728,0.090728,-0.001631,0.806,0.090713,0.090728,-0.001631,0.806,0.090713,0.013488,1.372061,55240537.86624,WARNING
2004.02.16.22.42.39,0,0,0.091331,0.091331,-0.001898,0.769,0.091312,0.091331,-0.001898,0.769,0.091312,0.020683,1.525269,55978153.08288,WARNING
2004.02.16.22.52.39,0,0,0.091169,0.091169,-0.001855,0.789,0.09115,0.091169,-0.001855,0.789,0.09115,0.046508,1.199009,55779377.88928,WARNING
2004.02.16.23.02.39,0,0,0.090575,0.090575,-0.001992,0.801,0.090553,0.090575,-0.001992,0.801,0.090553,0.031435,1.227959,55054845.05088,WARNING
2004.02.16.23.12.39,0,0,0.090049,0.090049,-0.00212,0.906,0.090024,0.090049,-0.00212,0.906,0.090024,0.05869,1.269545,54417124.1472,WARNING
2004.02.16.23.22.39,0,0,0.090959,0.090959,-0.002023,0.789,0.090936,0.090959,-0.002023,0.789,0.090936,0.047072,1.423243,55522487.00928,WARNING
2004.02.16.23.32.39,0,0,0.090702,0.090702,-0.001634,0.713,0.090687,0.090702,-0.001634,0.713,0.090687,0.049617,1.294554,55208895.03744,WARNING
2004.02.16.23.42.39,0,0,0.090339,0.090339,-0.002243,0.928,0.090311,0.090339,-0.002243,0.928,0.090311,0.011602,1.480056,54768724.7872,WARNING
2004.02.16.23.52.39,0,0,0.090662,0.090662,-0.001518,0.84,0.090649,0.090662,-0.001518,0.84,0.090649,0.044609,1.390989,55160530.61632,WARNING
2004.02.17.00.02.39,0,0,0.091283,0.091283,-0.002068,0.769,0.091259,0.091283,-0.002068,0.769,0.091259,0.017284,1.358859,55918559.55968,WARNING
2004.02.17.00.12.39,0,0,0.09078,0.09078,-0.001841,0.92,0.090761,0.09078,-0.001841,0.92,0.090761,0.046223,1.393577,55303883.81696,WARNING
2004.02.17.00.22.39,0,0,0.091785,0.091785,-0.002213,0.73,0.091758,0.091785,-0.002213,0.73,0.091758,0.041527,1.246052,56535380.54144,WARNING
2004.02.17.00.32.39,0,0,0.09079,0.09079,-0.002095,0.688,0.090765,0.09079,-0.002095,0.688,0.090765,0.000644,1.31479,55316158.54592,WARNING
2004.02.17.00.42.39,0,0,0.090988,0.090988,-0.0021,0.684,0.090964,0.090988,-0.0021,0.684,0.090964,0.02669,1.266666,55558389.59616,WARNING
2004.02.17.00.52.39,0,0,0.091812,0.091812,-0.002166,0.696,0.091787,0.091812,-0.002166,0.696,0.091787,0.028721,1.192591,56569287.22944,WARNING
2004.02.17.01.02.39,0,0,0.089679,0.089679,-0.002101,0.791,0.089654,0.089679,-0.002101,0.791,0.089654,0.02138,1.228775,53970805.22752,WARNING
2004.02.17.01.12.39,0,0,0.08991,0.08991,-0.00191,0.781,0.089889,0.08991,-0.00191,0.781,0.089889,0.048048,1.266074,54249026.10944,WARNING
2004.02.17.01.22.39,0,0,0.091094,0.091094,-0.001842,0.796,0.091076,0.091094,-0.001842,0.796,0.091076,0.013715,1.387937,55688243.85536,WARNING
2004.02.17.01.32.39,0,0,0.09158,0.09158,-0.001736,0.632,0.091564,0.09158,-0.001736,0.632,0.091564,0.028566,1.271257,56283523.8912,WARNING
2004.02.17.01.42.39,0,0,0.089964,0.089964,-0.001665,0.769,0.089949,0.089964,-0.001665,0.769,0.089949,0.031265,1.223454,54314691.46112,WARNING
2004.02.17.01.52.39,0,0,0.089208,0.089208,-0.002003,0.686,0.089185,0.089208,-0.002003,0.686,0.089185,0.047796,1.253302,53405089.21856,WARNING
2004.02.17.02.02.39,0,0,0.090884,0.090884,-0.001589,0.94,0.09087,0.090884,-0.001589,0.94,0.09087,0.047635,1.344565,55431019.06944,WARNING
2004.02.17.02.12.39,0,0,0.090659,0.090659,-0.00189,0.652,0.090639,0.090659,-0.00189,0.652,0.090639,0.017348,1.179183,55157347.61472,WARNING
2004.02.17.02.22.39,0,0,0.091042,0.091042,-0.001948,0.964,0.091021,0.091042,-0.001948,0.964,0.091021,0.060367,1.363652,55623637.64736,WARNING
2004.02.17.02.32.39,0,0,0.090891,0.090891,-0.002548,0.828,0.090855,0.090891,-0.002548,0.828,0.090855,0.038701,1.337736,55439232.69632,WARNING
2004.02.17.02.42.39,0,0,0.090482,0.090482,-0.002058,0.786,0.090459,0.090482,-0.002058,0.786,0.090459,0.031809,1.327395,54942463.34464,WARNING
2004.02.17.02.52.39,0,0,0.09047,0.09047,-0.002222,0.779,0.090443,0.09047,-0.002222,0.779,0.090443,0.016615,1.239283,54927692.51328,WARNING
2004.02.17.03.02.39,0,0,0.089823,0.089823,-0.002282,0.637,0.089794,0.089823,-0.002282,0.637,0.089794,0.045486,1.216252,54144319.32416,WARNING
2004.02.17.03.12.39,0,0,0.090266,0.090266,-0.002329,0.869,0.090235,0.090266,-0.002329,0.869,0.090235,0.027181,1.457156,54679375.95392,WARNING
2004.02.17.03.22.39,0,0,0.091369,0.091369,-0.001849,0.654,0.091351,0.091369,-0.001849,0.654,0.091351,0.032318,1.174227,56024715.18208,WARNING
2004.02.17.03.32.39,0,0,0.091002,0.091002,-0.002332,0.74,0.090972,0.091002,-0.002332,0.74,0.090972,0.052812,1.249822,55575574.20032,WARNING
2004.02.17.03.42.39,0,0,0.089975,0.089975,-0.001923,1.045,0.089954,0.089975,-0.001923,1.045,0.089954,0.080476,1.388552,54327495.8848,WARNING
2004.02.17.03.52.39,0,0,0.090826,0.090826,-0.001401,0.82,0.090815,0.090826,-0.001401,0.82,0.090815,0.025121,1.333481,55360390.26688,WARNING
2004.02.17.04.02.39,0,0,0.0898,0.0898,-0.001715,0.759,0.089784,0.0898,-0.001715,0.759,0.089784,0.010342,1.358745,54117065.1136,WARNING
2004.02.17.04.12.39,0,0,0.090435,0.090435,-0.002372,0.776,0.090404,0.090435,-0.002372,0.776,0.090404,0.025266,1.292865,54884546.06848,WARNING
2004.02.17.04.22.39,0,0,0.090451,0.090451,-0.001682,0.793,0.090435,0.090451,-0.001682,0.793,0.090435,0.040561,1.516197,54903876.89472,WARNING
2004.02.17.04.32.39,0,0,0.090858,0.090858,-0.000964,0.776,0.090853,0.090858,-0.000964,0.776,0.090853,0.016026,1.381409,55399726.61248,WARNING
2004.02.17.04.42.39,0,0,0.090585,0.090585,-0.002049,0.652,0.090562,0.090585,-0.002049,0.652,0.090562,0.018356,1.323625,55067193.09824,WARNING
2004.02.17.04.52.39,0,0,0.091736,0.091736,-0.001265,0.896,0.091727,0.091736,-0.001265,0.896,0.091727,0.042764,1.384489,56474848.78848,WARNING
2004.02.17.05.02.39,0,0,0.090051,0.090051,-0.001588,0.691,0.090037,0.090051,-0.001588,0.691,0.090037,0.03166,1.206194,54419640.15616,WARNING
2004.02.17.05.12.39,0,0,0.09184,0.09184,-0.006515,0.608,0.091608,0.09184,-0.006515,0.608,0.091608,0.016156,1.156991,56603404.6976,WARNING
2004.02.17.05.22.39,0,0,0.091264,0.091264,-0.002651,0.72,0.091226,0.091264,-0.002651,0.72,0.091226,0.022883,1.376387,55896036.39296,WARNING
2004.02.17.05.32.39,0,0,0.091208,0.091208,-0.003255,0.693,0.09115,0.091208,-0.003255,0.693,0.09115,0.005036,1.283979,55827018.79296,WARNING
2004.02.17.05.42.39,0,0,0.091182,0.091182,-0.002164,0.769,0.091157,0.091182,-0.002164,0.769,0.091157,0.019398,1.423166,55795663.33952,WARNING
2004.02.17.05.52.39,0,0,0.091879,0.091879,-0.002155,0.798,0.091854,0.091879,-0.002155,0.798,0.091854,0.03681,1.443499,56651351.73632,WARNING
2004.02.17.06.02.39,0,0,0.092141,0.092141,-0.001891,0.618,0.092121,0.092141,-0.001891,0.618,0.092121,0.032235,1.298976,56974659.01056,WARNING
2004.02.17.06.12.39,0,0,0.09118,0.09118,-0.002294,0.708,0.091151,0.09118,-0.002294,0.708,0.091151,0.059278,1.300834,55793147.65824,WARNING
2004.02.17.06.22.39,0,0,0.090675,0.090675,-0.005392,0.913,0.090514,0.090675,-0.005392,0.913,0.090514,0.061632,1.575925,55176165.70368,WARNING
2004.02.17.06.32.39,0,0,0.092047,0.092047,-0.003469,0.671,0.091982,0.092047,-0.003469,0.671,0.091982,0.009304,1.330125,56859172.53632,WARNING
2004.02.17.06.42.39,0,0,0.091622,0.091622,-0.001889,0.696,0.091603,0.091622,-0.001889,0.696,0.091603,0.027276,1.530361,56335310.68416,WARNING
2004.02.17.06.52.39,0,0,0.090627,0.090627,-0.002411,0.771,0.090595,0.090627,-0.002411,0.771,0.090595,0.03768,1.377677,55117858.65216,WARNING
2004.02.17.07.02.39,0,0,0.092821,0.092821,-0.003837,0.754,0.092742,0.092821,-0.003837,0.754,0.092742,0.020403,1.310442,57819521.18784,WARNING
2004.02.17.07.12.39,0,0,0.093522,0.093522,-0.001634,0.879,0.093508,0.093522,-0.001634,0.879,0.093508,0.089332,1.641093,58696078.45888,WARNING
2004.02.17.07.22.39,0,0,0.095989,0.095989,-0.001951,0.781,0.095969,0.095989,-0.001951,0.781,0.095969,0.033449,1.820502,61832945.82784,WARNING
2004.02.17.07.32.39,0,0,0.114418,0.114418,-0.002055,0.808,0.1144,0.114418,-0.002055,0.808,0.1144,-0.089698,4.330282,87855967.60064,WARNING
2004.02.17.07.42.39,0,0,0.116379,0.116379,-0.001711,0.881,0.116367,0.116379,-0.001711,0.881,0.116367,-0.059908,4.471623,90892847.5136,WARNING
2004.02.17.07.52.39,0,0,0.116246,0.116246,-0.002242,0.903,0.116224,0.116246,-0.002242,0.903,0.116224,-0.003646,5.054515,90684541.25568,WARNING
2004.02.17.08.02.39,0,0,0.116035,0.116035,-0.001988,0.974,0.116018,0.116035,-0.001988,0.974,0.116018,-0.104477,4.897887,90356791.05024,WARNING
2004.02.17.08.12.39,0,0,0.114367,0.114367,-0.001654,0.847,0.114355,0.114367,-0.001654,0.847,0.114355,-0.074316,4.661441,87777742.27456,WARNING
2004.02.17.08.22.39,0,0,0.11621,0.11621,-0.00226,0.867,0.116189,0.11621,-0.00226,0.867,0.116189,0.020739,4.922062,90629692.04736,WARNING
2004.02.17.08.32.39,0,0,0.114899,0.114899,-0.001815,0.869,0.114885,0.114899,-0.001815,0.869,0.114885,-0.082474,4.563676,88596132.16768,WARNING
2004.02.17.08.42.39,0,0,0.114462,0.114462,-0.001897,0.842,0.114446,0.114462,-0.001897,0.842,0.114446,-0.038179,4.621551,87923107.92192,WARNING
2004.02.17.08.52.39,0,0,0.115911,0.115911,-0.002477,0.781,0.115884,0.115911,-0.002477,0.781,0.115884,-0.058377,4.533291,90162763.776,WARNING
2004.02.17.09.02.39,0,0,0.116232,0.116232,-0.008815,0.999,0.115897,0.116232,-0.008815,0.999,0.115897,0.056771,4.595255,90663016.69376,WARNING
2004.02.17.09.12.39,0,0,0.114115,0.114115,-0.001944,0.857,0.114099,0.114115,-0.001944,0.857,0.114099,-0.020817,4.419804,87390995.90656,WARNING
2004.02.17.09.22.39,0,0,0.114796,0.114796,-0.001727,1.169,0.114783,0.114796,-0.001727,1.169,0.114783,0.005244,4.445187,88436124.79488,WARNING
2004.02.17.09.32.39,0,0,0.114851,0.114851,-0.001788,0.781,0.114837,0.114851,-0.001788,0.781,0.114837,-0.041435,4.305259,88521058.63168,WARNING
2004.02.17.09.42.39,0,0,0.114606,0.114606,-0.001723,0.896,0.114594,0.114606,-0.001723,0.896,0.114594,-0.068047,4.624402,88145075.48672,WARNING
2004.02.17.09.52.39,0,0,0.113459,0.113459,-0.002335,0.857,0.113435,0.113459,-0.002335,0.857,0.113435,-0.038786,4.733323,86388892.38528,WARNING
2004.02.17.10.02.39,0,0,0.11301,0.11301,-0.002242,0.869,0.112988,0.11301,-0.002242,0.869,0.112988,-0.065156,4.47949,85707151.03232,WARNING
2004.02.17.10.12.39,0,0,0.113077,0.113077,-0.001728,0.854,0.113064,0.113077,-0.001728,0.854,0.113064,-0.081814,4.277807,85808756.81792,WARNING
2004.02.17.10.22.39,0,0,0.114242,0.114242,-0.002268,0.759,0.114219,0.114242,-0.002268,0.759,0.114219,-0.056192,4.446157,87585163.75552,WARNING
2004.02.17.10.32.39,0,0,0.112683,0.112683,-0.001898,0.845,0.112667,0.112683,-0.001898,0.845,0.112667,-0.073897,4.44344,85210971.58656,WARNING
2004.02.17.10.42.39,0,0,0.11243,0.11243,-0.001836,0.825,0.112415,0.11243,-0.001836,0.825,0.112415,-0.05122,4.376973,84829558.62016,WARNING
2004.02.17.10.52.39,0,0,0.112292,0.112292,-0.002135,0.825,0.112272,0.112292,-0.002135,0.825,0.112272,-0.060701,4.529445,84621016.92416,WARNING
2004.02.17.11.02.39,0,0,0.112627,0.112627,-0.002027,0.801,0.112609,0.112627,-0.002027,0.801,0.112609,-0.072498,4.436693,85126504.36608,WARNING
2004.02.17.11.12.39,0,0,0.112798,0.112798,-0.002381,0.798,0.112773,0.112798,-0.002381,0.798,0.112773,-0.072213,4.451917,85385344.86016,WARNING
2004.02.17.11.22.39,0,0,0.115033,0.115033,-0.002047,0.833,0.115015,0.115033,-0.002047,0.833,0.115015,-0.077061,4.445616,88802349.056,WARNING
2004.02.17.11.32.39,0,0,0.113908,0.113908,-0.001821,0.847,0.113894,0.113908,-0.001821,0.847,0.113894,-0.055522,4.293756,87074128.03584,WARNING
2004.02.17.11.42.39,0,0,0.113825,0.113825,-0.002204,0.923,0.113804,0.113825,-0.002204,0.923,0.113804,-0.030262,4.593095,86947195.12576,WARNING
2004.02.17.11.52.39,0,0,0.112384,0.112384,-0.002203,0.842,0.112362,0.112384,-0.002203,0.842,0.112362,-0.027063,4.348402,84759108.97664,WARNING
2004.02.17.12.02.39,0,0,0.112762,0.112762,-0.002163,0.869,0.112741,0.112762,-0.002163,0.869,0.112741,-0.043244,4.312251,85330866.42176,WARNING
2004.02.17.12.12.39,0,0,0.113653,0.113653,-0.00206,0.864,0.113634,0.113653,-0.00206,0.864,0.113634,-0.018447,4.575655,86684618.3424,WARNING
2004.02.17.12.22.39,0,0,0.110758,0.110758,-0.002171,0.876,0.110737,0.110758,-0.002171,0.876,0.110737,-0.035283,4.212018,82324412.74368,WARNING
2004.02.17.12.32.39,0,0,0.112059,0.112059,-0.002076,0.789,0.112039,0.112059,-0.002076,0.789,0.112039,-0.027944,4.360869,84269509.4272,WARNING
2004.02.17.12.42.39,0,0,0.109543,0.109543,-0.002291,0.803,0.109519,0.109543,-0.002291,0.803,0.109519,-0.0301,3.95452,80527714.46784,WARNING
2004.02.17.12.52.39,0,0,0.110373,0.110373,-0.002458,0.894,0.110346,0.110373,-0.002458,0.894,0.110346,-0.051918,3.897667,81753972.81792,WARNING
2004.02.17.13.02.39,0,0,0.109122,0.109122,-0.002215,0.786,0.109099,0.109122,-0.002215,0.786,0.109099,0.004452,3.687767,79910402.70336,WARNING
2004.02.17.13.12.39,0,0,0.109309,0.109309,-0.001613,0.854,0.109297,0.109309,-0.001613,0.854,0.109297,-0.030084,3.789747,80184036.72064,WARNING
2004.02.17.13.22.39,0,0,0.10942,0.10942,-0.001921,0.842,0.109403,0.10942,-0.001921,0.842,0.109403,-0.003347,3.684596,80347637.92384,WARNING
2004.02.17.13.32.39,0,0,0.105664,0.105664,-0.002436,0.872,0.105636,0.105664,-0.002436,0.872,0.105636,-0.116278,3.234907,74926683.58656,WARNING
2004.02.17.13.42.39,0,0,0.104262,0.104262,-0.002095,0.74,0.104241,0.104262,-0.002095,0.74,0.104241,-0.024993,3.224869,72951712.31744,WARNING
2004.02.17.13.52.39,0,0,0.107169,0.107169,-0.001953,0.793,0.107152,0.107169,-0.001953,0.793,0.107152,-0.006008,3.261305,77076548.48512,WARNING
2004.02.17.14.02.39,0,0,0.105611,0.105611,-0.002246,0.837,0.105587,0.105611,-0.002246,0.837,0.105587,-0.086592,3.168419,74850838.36416,WARNING
2004.02.17.14.12.39,0,0,0.105341,0.105341,-0.002027,0.811,0.105322,0.105341,-0.002027,0.811,0.105322,-0.041747,3.031397,74469490.688,WARNING
2004.02.17.14.22.39,0,0,0.104347,0.104347,-0.001952,0.793,0.104329,0.104347,-0.001952,0.793,0.104329,-0.02338,2.961925,73070027.07968,WARNING
2004.02.17.14.32.39,0,0,0.103702,0.103702,-0.001878,0.706,0.103685,0.103702,-0.001878,0.706,0.103685,-0.065186,2.614755,72169236.15232,WARNING
2004.02.17.14.42.39,0,0,0.104134,0.104134,-0.001854,0.867,0.104118,0.104134,-0.001854,0.867,0.104118,-0.061938,2.852093,72772260.90496,WARNING
2004.02.17.14.52.39,0,0,0.104834,0.104834,-0.002138,0.793,0.104812,0.104834,-0.002138,0.793,0.104812,-0.005521,2.882837,73753678.2336,WARNING
2004.02.17.15.02.39,0,0,0.104202,0.104202,-0.002034,0.815,0.104183,0.104202,-0.002034,0.815,0.104183,-0.041005,2.818994,72867787.5712,WARNING
2004.02.17.15.12.39,0,0,0.104832,0.104832,-0.001882,0.72,0.104815,0.104832,-0.001882,0.72,0.104815,-0.051162,2.766627,73751363.09248,WARNING
2004.02.17.15.22.39,0,0,0.102459,0.102459,-0.002127,0.767,0.102437,0.102459,-0.002127,0.767,0.102437,-0.014486,2.907023,70450207.5392,WARNING
2004.02.17.15.32.39,0,0,0.104232,0.104232,-0.002415,0.693,0.104204,0.104232,-0.002415,0.693,0.104204,0.003613,2.805036,72908611.09248,WARNING
2004.02.17.15.42.39,0,0,0.104176,0.104176,-0.001789,0.745,0.104161,0.104176,-0.001789,0.745,0.104161,-0.019976,2.829225,72831072.50176,WARNING
2004.02.17.15.52.39,0,0,0.102402,0.102402,-0.002368,0.701,0.102375,0.102402,-0.002368,0.701,0.102375,-0.003924,2.668457,70371661.25056,WARNING
2004.02.17.16.02.39,0,0,0.102169,0.102169,-0.002009,0.796,0.10215,0.102169,-0.002009,0.796,0.10215,-0.065528,2.545643,70052124.01664,WARNING
2004.02.17.16.12.39,0,0,0.102349,0.102349,-0.001705,0.959,0.102335,0.102349,-0.001705,0.959,0.102335,-0.008974,2.716174,70299158.36416,WARNING
2004.02.17.16.22.39,0,0,0.102101,0.102101,-0.00217,0.854,0.102078,0.102101,-0.00217,0.854,0.102078,-0.044225,2.563609,69958801.65376,WARNING
2004.02.17.16.32.39,0,0,0.099735,0.099735,-0.002104,0.808,0.099713,0.099735,-0.002104,0.808,0.099713,-0.032007,2.357112,66754222.08,WARNING
2004.02.17.16.42.39,0,0,0.098835,0.098835,-0.002005,0.881,0.098815,0.098835,-0.002005,0.881,0.098815,-0.043117,2.378487,65554853.23264,WARNING
2004.02.17.16.52.39,0,0,0.099275,0.099275,-0.001912,0.703,0.099257,0.099275,-0.001912,0.703,0.099257,-0.02993,2.124734,66139888.59904,WARNING
2004.02.17.17.02.39,0,0,0.099408,0.099408,-0.002248,0.757,0.099382,0.099408,-0.002248,0.757,0.099382,-0.045529,2.222567,66316006.52288,WARNING
2004.02.17.17.12.39,0,0,0.097909,0.097909,-0.001869,0.72,0.097891,0.097909,-0.001869,0.72,0.097891,-0.007572,2.165352,64331076.15744,WARNING
2004.02.17.17.22.39,0,0,0.097679,0.097679,-0.002143,0.903,0.097656,0.097679,-0.002143,0.903,0.097656,-0.007616,1.911033,64030080.2048,WARNING
2004.02.17.17.32.39,0,0,0.097762,0.097762,-0.002166,0.854,0.097738,0.097762,-0.002166,0.854,0.097738,0.004893,1.582378,64138870.45632,WARNING
2004.02.17.17.42.39,0,0,0.096748,0.096748,-0.00226,0.833,0.096721,0.096748,-0.00226,0.833,0.096721,-0.018978,1.839327,62814736.54784,WARNING
2004.02.17.17.52.39,0,0,0.09493,0.09493,-0.002237,0.774,0.094903,0.09493,-0.002237,0.774,0.094903,0.023042,1.685424,60476269.3632,WARNING
2004.02.17.18.02.39,0,0,0.09415,0.09415,-0.001947,0.596,0.09413,0.09415,-0.001947,0.596,0.09413,-0.024611,1.509386,59487109.69344,WARNING
2004.02.17.18.12.39,0,0,0.094745,0.094745,-0.001882,0.645,0.094727,0.094745,-0.001882,0.645,0.094727,-0.007766,1.347504,60241627.62752,WARNING
2004.02.17.18.22.39,0,0,0.093846,0.093846,-0.001929,0.769,0.093826,0.093846,-0.001929,0.769,0.093826,-0.011407,1.471271,59103544.03328,WARNING
2004.02.17.18.32.39,0,0,0.095055,0.095055,-0.001978,0.63,0.095035,0.095055,-0.001978,0.63,0.095035,-0.036063,1.524285,60636104.62208,WARNING
2004.02.17.18.42.39,0,0,0.095227,0.095227,-0.002006,0.71,0.095205,0.095227,-0.002006,0.71,0.095205,0.010011,1.385835,60854964.55168,WARNING
2004.02.17.18.52.39,0,0,0.094191,0.094191,-0.002077,0.747,0.094168,0.094191,-0.002077,0.747,0.094168,0.014075,1.412684,59538853.56032,WARNING
2004.02.17.19.02.39,0,0,0.093564,0.093564,-0.00193,0.774,0.093544,0.093564,-0.00193,0.774,0.093544,-0.020019,1.412336,58748768.17408,WARNING
2004.02.17.19.12.39,0,0,0.093248,0.093248,-0.001968,0.735,0.093227,0.093248,-0.001968,0.735,0.093227,-0.014838,1.267851,58352707.01056,WARNING
2004.02.17.19.22.39,0,0,0.093702,0.093702,-0.002297,0.723,0.093674,0.093702,-0.002297,0.723,0.093674,0.017812,1.464604,58921881.68192,WARNING
2004.02.17.19.32.39,0,0,0.092774,0.092774,-0.001865,0.83,0.092755,0.092774,-0.001865,0.83,0.092755,0.005641,1.259332,57760503.72608,WARNING
2004.02.17.19.42.39,0,0,0.093573,0.093573,-0.001936,0.671,0.093553,0.093573,-0.001936,0.671,0.093553,0.01612,1.212221,58760244.75648,WARNING
2004.02.17.19.52.39,0,0,0.093896,0.093896,-0.001627,0.884,0.093882,0.093896,-0.001627,0.884,0.093882,0.027528,1.590044,59165810.19648,WARNING
2004.02.17.20.02.39,0,0,0.09436,0.09436,-0.001891,0.835,0.094341,0.09436,-0.001891,0.835,0.094341,-0.022474,1.207316,59752444.55936,WARNING
2004.02.17.20.12.39,0,0,0.092956,0.092956,-0.002011,0.825,0.092934,0.092956,-0.002011,0.825,0.092934,-0.011036,1.51084,57987170.46784,WARNING
2004.02.17.20.22.39,0,0,0.093305,0.093305,-0.001982,0.752,0.093283,0.093305,-0.001982,0.752,0.093283,0.016294,1.107919,58423175.33184,WARNING
2004.02.17.20.32.39,0,0,0.092309,0.092309,-0.002177,0.662,0.092283,0.092309,-0.002177,0.662,0.092283,0.015249,1.045543,57182867.94752,WARNING
2004.02.17.20.42.39,0,0,0.091036,0.091036,-0.002165,0.688,0.09101,0.091036,-0.002165,0.688,0.09101,-0.023516,1.037279,55616353.73056,WARNING
2004.02.17.20.52.39,0,0,0.092317,0.092317,-0.001552,0.671,0.092304,0.092317,-0.001552,0.671,0.092304,0.040405,1.048785,57192984.08448,WARNING
2004.02.17.21.02.39,0,0,0.092123,0.092123,-0.001703,0.837,0.092107,0.092123,-0.001703,0.837,0.092107,0.031925,1.263271,56952604.59008,WARNING
2004.02.17.21.12.39,0,0,0.091455,0.091455,-0.001902,0.703,0.091435,0.091455,-0.001902,0.703,0.091435,-0.011684,1.094126,56129402.4704,WARNING
2004.02.17.21.22.39,0,0,0.091731,0.091731,-0.001963,0.701,0.09171,0.091731,-0.001963,0.701,0.09171,-0.007944,0.979663,56469551.43168,WARNING
2004.02.17.21.32.39,0,0,0.092741,0.092741,-0.001843,0.752,0.092722,0.092741,-0.001843,0.752,0.092722,0.030814,1.065221,57719056.7936,WARNING
2004.02.17.21.42.39,0,0,0.091375,0.091375,-0.001885,0.767,0.091355,0.091375,-0.001885,0.767,0.091355,0.001682,1.014498,56031678.30016,WARNING
2004.02.17.21.52.39,0,0,0.092361,0.092361,-0.001899,0.601,0.092342,0.092361,-0.001899,0.601,0.092342,0.01594,0.918129,57247857.21344,WARNING
2004.02.17.22.02.39,0,0,0.091593,0.091593,-0.002112,0.828,0.091569,0.091593,-0.002112,0.828,0.091569,0.036386,1.086207,56299683.67616,WARNING
2004.02.17.22.12.39,0,0,0.093087,0.093087,-0.002098,0.688,0.093063,0.093087,-0.002098,0.688,0.093063,0.041882,1.073906,58151231.97952,WARNING
2004.02.17.22.22.39,0,0,0.092091,0.092091,-0.001967,0.757,0.09207,0.092091,-0.001967,0.757,0.09207,0.04925,1.078713,56913626.64448,WARNING
2004.02.17.22.32.39,0,0,0.091795,0.091795,-0.002099,0.627,0.091771,0.091795,-0.002099,0.627,0.091771,0.030872,1.117668,56548627.90656,WARNING
2004.02.17.22.42.39,0,0,0.091996,0.091996,-0.001908,0.737,0.091977,0.091996,-0.001908,0.737,0.091977,0.016814,1.21127,56796580.74112,WARNING
2004.02.17.22.52.39,0,0,0.093005,0.093005,-0.002013,0.701,0.092983,0.093005,-0.002013,0.701,0.092983,0.047173,1.096521,58048425.49248,WARNING
2004.02.17.23.02.39,0,0,0.093421,0.093421,-0.002075,0.735,0.093398,0.093421,-0.002075,0.735,0.093398,0.03715,1.213546,58569250.48832,WARNING
2004.02.17.23.12.39,0,0,0.092701,0.092701,-0.002094,0.708,0.092677,0.092701,-0.002094,0.708,0.092677,-0.00136,1.166918,57669597.75744,WARNING
2004.02.17.23.22.39,0,0,0.092733,0.092733,-0.00172,0.874,0.092717,0.092733,-0.00172,0.874,0.092717,0.063839,1.322865,57709352.71424,WARNING
2004.02.17.23.32.39,0,0,0.091573,0.091573,-0.002087,0.718,0.091549,0.091573,-0.002087,0.718,0.091549,0.059829,1.157213,56274481.88928,WARNING
2004.02.17.23.42.39,0,0,0.093905,0.093905,-0.001941,0.732,0.093885,0.093905,-0.001941,0.732,0.093885,0.006798,1.142798,59177535.32416,WARNING
2004.02.17.23.52.39,0,0,0.093239,0.093239,-0.002214,0.647,0.093213,0.093239,-0.002214,0.647,0.093213,0.019887,1.055475,58341547.86816,WARNING
2004.02.18.00.02.39,0,0,0.093773,0.093773,-0.00202,0.793,0.093751,0.093773,-0.00202,0.793,0.093751,0.015622,1.35321,59011195.12576,WARNING
2004.02.18.00.12.39,0,0,0.093621,0.093621,-0.001738,0.825,0.093605,0.093621,-0.001738,0.825,0.093605,0.050304,1.333107,58820524.76928,WARNING
2004.02.18.00.22.39,0,0,0.092366,0.092366,-0.001598,0.637,0.092352,0.092366,-0.001598,0.637,0.092352,0.049701,1.225179,57253766.7584,WARNING
2004.02.18.00.32.39,0,0,0.094148,0.094148,-0.001935,0.696,0.094128,0.094148,-0.001935,0.696,0.094128,0.067234,1.175719,59484072.3456,WARNING
2004.02.18.00.42.39,0,0,0.093137,0.093137,-0.002133,0.73,0.093112,0.093137,-0.002133,0.73,0.093112,0.044423,1.272017,58213449.3184,WARNING
2004.02.18.00.52.39,0,0,0.09387,0.09387,-0.001832,0.908,0.093852,0.09387,-0.001832,0.908,0.093852,0.076213,1.437141,59133040.96768,WARNING
2004.02.18.01.02.39,0,0,0.094853,0.094853,-0.002019,0.708,0.094832,0.094853,-0.002019,0.708,0.094832,0.063775,1.303287,60378934.23104,WARNING
2004.02.18.01.12.39,0,0,0.095071,0.095071,-0.002009,0.833,0.09505,0.095071,-0.002009,0.833,0.09505,0.060583,1.25928,60656056.40192,WARNING
2004.02.18.01.22.39,0,0,0.093626,0.093626,-0.001885,0.857,0.093607,0.093626,-0.001885,0.857,0.093607,0.016073,1.456743,58827008.57344,WARNING
2004.02.18.01.32.39,0,0,0.093804,0.093804,-0.001625,0.911,0.09379,0.093804,-0.001625,0.911,0.09379,0.065981,1.401142,59050034.3808,WARNING
2004.02.18.01.42.39,0,0,0.093721,0.093721,-0.00214,0.771,0.093697,0.093721,-0.00214,0.771,0.093697,0.051453,1.292967,58946377.15456,WARNING
2004.02.18.01.52.39,0,0,0.094536,0.094536,-0.001917,0.774,0.094517,0.094536,-0.001917,0.774,0.094517,0.04279,1.405492,59975701.21728,WARNING
2004.02.18.02.02.39,0,0,0.093651,0.093651,-0.002269,1.001,0.093624,0.093651,-0.002269,1.001,0.093624,0.056301,1.408951,58857954.34496,WARNING
2004.02.18.02.12.39,0,0,0.094663,0.094663,-0.002115,0.859,0.09464,0.094663,-0.002115,0.859,0.09464,0.074981,1.237228,60137135.14496,WARNING
2004.02.18.02.22.39,0,0,0.094366,0.094366,-0.00222,0.664,0.094339,0.094366,-0.00222,0.664,0.094339,0.055118,1.150051,59759536.86528,WARNING
2004.02.18.02.32.39,0,0,0.095085,0.095085,-0.002047,0.762,0.095063,0.095085,-0.002047,0.762,0.095063,0.029478,1.284592,60674380.67712,WARNING
2004.02.18.02.42.39,0,0,0.095054,0.095054,-0.001912,0.837,0.095035,0.095054,-0.001912,0.837,0.095035,0.045782,1.232203,60634952.58112,WARNING
2004.02.18.02.52.39,0,0,0.094263,0.094263,-0.002384,0.681,0.094232,0.094263,-0.002384,0.681,0.094232,0.058552,1.285613,59629138.49344,WARNING
2004.02.18.03.02.39,0,0,0.09554,0.09554,-0.002045,0.908,0.095518,0.09554,-0.002045,0.908,0.095518,0.031905,1.285805,61256523.28448,WARNING
2004.02.18.03.12.39,0,0,0.095624,0.095624,-0.001597,0.847,0.095611,0.095624,-0.001597,0.847,0.095611,0.086639,1.335516,61364301.66016,WARNING
2004.02.18.03.22.39,0,0,0.094566,0.094566,-0.00207,0.642,0.094544,0.094566,-0.00207,0.642,0.094544,-0.012379,1.233344,60014191.90272,WARNING
2004.02.18.03.32.39,0,0,0.09618,0.09618,-0.002282,0.576,0.096153,0.09618,-0.002282,0.576,0.096153,0.030053,1.141072,62080078.47936,WARNING
2004.02.18.03.42.39,0,0,0.103882,0.103882,-0.001772,0.959,0.103866,0.103882,-0.001772,0.959,0.103866,0.029791,2.198692,72419704.58624,WARNING
2004.02.18.03.52.39,0,0,0.104028,0.104028,-0.001725,0.693,0.104013,0.104028,-0.001725,0.693,0.104013,-0.033374,2.086895,72623482.63424,WARNING
2004.02.18.04.02.39,0,0,0.104016,0.104016,-0.001669,0.754,0.104003,0.104016,-0.001669,0.754,0.104003,0.041511,2.081218,72607652.82304,WARNING
2004.02.18.04.12.39,0,0,0.106145,0.106145,-0.001975,0.713,0.106126,0.106145,-0.001975,0.713,0.106126,0.003894,2.082816,75609668.97664,WARNING
2004.02.18.04.22.39,0,0,0.104262,0.104262,-0.001993,0.774,0.104243,0.104262,-0.001993,0.774,0.104243,0.010115,2.320169,72950706.09408,WARNING
2004.02.18.04.32.39,0,0,0.106331,0.106331,-0.001694,0.742,0.106317,0.106331,-0.001694,0.742,0.106317,0.029187,2.161347,75874840.9856,WARNING
2004.02.18.04.42.39,0,0,0.107289,0.107289,-0.002024,0.798,0.10727,0.107289,-0.002024,0.798,0.10727,0.009742,2.372355,77248626.60608,WARNING
2004.02.18.04.52.39,0,0,0.106499,0.106499,-0.001651,0.71,0.106486,0.106499,-0.001651,0.71,0.106486,-0.008032,2.20213,76115091.53792,WARNING
2004.02.18.05.02.39,0,0,0.107898,0.107898,-0.001995,0.781,0.10788,0.107898,-0.001995,0.781,0.10788,-0.026196,2.629054,78128000.04096,WARNING
2004.02.18.05.12.39,0,0,0.108038,0.108038,-0.001738,0.771,0.108024,0.108038,-0.001738,0.771,0.108024,0.006754,2.769584,78330289.43872,WARNING
2004.02.18.05.22.39,0,0,0.108579,0.108579,-0.00187,1.008,0.108563,0.108579,-0.00187,1.008,0.108563,0.015154,2.812988,79117555.38432,WARNING
2004.02.18.05.32.39,0,0,0.109686,0.109686,-0.002002,1.016,0.109667,0.109686,-0.002002,1.016,0.109667,-0.000346,3.016222,80738156.05248,WARNING
2004.02.18.05.42.39,0,0,0.111803,0.111803,-0.001767,0.884,0.111789,0.111803,-0.001767,0.884,0.111789,0.002457,3.123671,83884810.73152,WARNING
2004.02.18.05.52.39,0,0,0.111229,0.111229,-0.001978,0.818,0.111212,0.111229,-0.001978,0.818,0.111212,-0.022582,3.346706,83026785.15712,WARNING
2004.02.18.06.02.39,0,0,0.112389,0.112389,-0.001636,0.857,0.112377,0.112389,-0.001636,0.857,0.112377,-0.010039,3.048281,84767583.8464,CRITICAL
2004.02.18.06.12.39,0,0,0.113328,0.113328,-0.002151,0.828,0.113307,0.113328,-0.002151,0.828,0.113307,-0.011159,3.164199,86188743.80288,CRITICAL
2004.02.18.06.22.39,0,0,0.114019,0.114019,-0.002073,0.859,0.114,0.114019,-0.002073,0.859,0.114,0.007374,3.614149,87243735.04,CRITICAL
2004.02.18.06.32.39,0,0,0.114035,0.114035,-0.001969,0.95,0.114018,0.114035,-0.001969,0.95,0.114018,-0.030634,3.153802,87267923.64032,CRITICAL
2004.02.18.06.42.39,0,0,0.114348,0.114348,-0.002139,0.791,0.114328,0.114348,-0.002139,0.791,0.114328,-0.022557,3.562075,87747992.20736,CRITICAL
2004.02.18.06.52.39,0,0,0.114581,0.114581,-0.002139,0.786,0.114561,0.114581,-0.002139,0.786,0.114561,-0.041731,3.32004,88105252.53632,CRITICAL
2004.02.18.07.02.39,0,0,0.115103,0.115103,-0.001723,0.786,0.11509,0.115103,-0.001723,0.786,0.11509,-0.009857,3.552341,88910115.14368,CRITICAL
2004.02.18.07.12.39,0,0,0.115507,0.115507,-0.002129,0.879,0.115488,0.115507,-0.002129,0.879,0.115488,-0.002397,3.706297,89536045.79328,CRITICAL
2004.02.18.07.22.39,0,0,0.11632,0.11632,-0.001612,0.811,0.116309,0.11632,-0.001612,0.811,0.116309,-0.005043,3.800702,90800862.33088,CRITICAL
2004.02.18.07.32.39,0,0,0.11525,0.11525,-0.001769,0.901,0.115237,0.11525,-0.001769,0.901,0.115237,0.020005,3.943203,89138203.11552,CRITICAL
2004.02.18.07.42.39,0,0,0.114314,0.114314,-0.001753,0.859,0.114301,0.114314,-0.001753,0.859,0.114301,-0.020344,3.669917,87696090.64448,CRITICAL
2004.02.18.07.52.39,0,0,0.117074,0.117074,-0.001661,0.818,0.117062,0.117074,-0.001661,0.818,0.117062,-0.063465,3.506014,91981654.67136,CRITICAL
2004.02.18.08.02.39,0,0,0.118411,0.118411,-0.001711,0.857,0.118399,0.118411,-0.001711,0.857,0.118399,-0.00568,3.846784,94094996.19328,CRITICAL
2004.02.18.08.12.39,0,0,0.117974,0.117974,-0.002355,0.801,0.117951,0.117974,-0.002355,0.801,0.117951,-0.050924,3.856148,93401943.98208,CRITICAL
2004.02.18.08.22.39,0,0,0.118561,0.118561,-0.002129,0.869,0.118542,0.118561,-0.002129,0.869,0.118542,-0.061579,3.781415,94332381.42976,CRITICAL
2004.02.18.08.32.39,0,0,0.116925,0.116925,-0.001942,0.82,0.116909,0.116925,-0.001942,0.82,0.116909,-0.051732,3.540877,91747557.13024,CRITICAL
2004.02.18.08.42.39,0,0,0.113982,0.113982,-0.002058,0.745,0.113963,0.113982,-0.002058,0.745,0.113963,-0.046487,3.318865,87186439.12704,CRITICAL
2004.02.18.08.52.39,0,0,0.113499,0.113499,-0.001413,0.881,0.11349,0.113499,-0.001413,0.881,0.11349,-0.053439,3.373356,86449373.184,CRITICAL
2004.02.18.09.02.39,0,0,0.114387,0.114387,-0.001893,0.779,0.114371,0.114387,-0.001893,0.779,0.114371,-0.103249,3.32742,87807780.70016,CRITICAL
2004.02.18.09.12.39,0,0,0.116102,0.116102,-0.002304,0.791,0.116079,0.116102,-0.002304,0.791,0.116079,-0.05614,3.494546,90460548.46464,CRITICAL
2004.02.18.09.22.39,0,0,0.117862,0.117862,-0.001855,0.811,0.117847,0.117862,-0.001855,0.811,0.117847,-0.05144,3.774142,93224030.94528,CRITICAL
2004.02.18.09.32.39,0,0,0.113744,0.113744,-0.001591,0.967,0.113733,0.113744,-0.001591,0.967,0.113733,-0.083741,3.12115,86823918.30528,CRITICAL
2004.02.18.09.42.39,0,0,0.113317,0.113317,-0.001819,0.781,0.113302,0.113317,-0.001819,0.781,0.113302,-0.045722,3.324014,86172468.8384,CRITICAL
2004.02.18.09.52.39,0,0,0.114137,0.114137,-0.001702,0.83,0.114124,0.114137,-0.001702,0.83,0.114124,-0.097808,3.218012,87424066.7648,CRITICAL
2004.02.18.10.02.39,0,0,0.113279,0.113279,-0.001761,0.82,0.113265,0.113279,-0.001761,0.82,0.113265,-0.148221,3.175238,86115255.99232,CRITICAL
2004.02.18.10.12.39,0,0,0.116315,0.116315,-0.002282,0.771,0.116293,0.116315,-0.002282,0.771,0.116293,-0.101914,3.100507,90793028.23936,CRITICAL
2004.02.18.10.22.39,0,0,0.114155,0.114155,-0.001358,0.75,0.114147,0.114155,-0.001358,0.75,0.114147,-0.089147,3.267951,87452585.32864,CRITICAL
2004.02.18.10.32.39,0,0,0.114097,0.114097,-0.001787,0.864,0.114083,0.114097,-0.001787,0.864,0.114083,-0.068684,3.22309,87362758.98368,CRITICAL
2004.02.18.10.42.39,0,0,0.112741,0.112741,-0.001772,0.801,0.112727,0.112741,-0.001772,0.801,0.112727,-0.075122,3.224189,85299208.92928,CRITICAL
2004.02.18.10.52.39,0,0,0.111385,0.111385,-0.001676,0.789,0.111372,0.111385,-0.001676,0.789,0.111372,-0.128794,2.935943,83259330.88768,CRITICAL
2004.02.18.11.02.39,0,0,0.110214,0.110214,-0.002145,0.771,0.110193,0.110214,-0.002145,0.771,0.110193,-0.15413,2.83576,81518064.0256,CRITICAL
2004.02.18.11.12.39,0,0,0.109446,0.109446,-0.001901,0.815,0.109429,0.109446,-0.001901,0.815,0.109429,-0.094751,2.893705,80385673.05216,CRITICAL
2004.02.18.11.22.39,0,0,0.109591,0.109591,-0.001921,0.828,0.109574,0.109591,-0.001921,0.828,0.109574,-0.138232,2.704106,80598360.39168,CRITICAL
2004.02.18.11.32.39,0,0,0.11005,0.11005,-0.002064,0.825,0.110031,0.11005,-0.002064,0.825,0.110031,-0.112633,2.67499,81275731.23072,CRITICAL
2004.02.18.11.42.39,0,0,0.109779,0.109779,-0.002045,0.811,0.109759,0.109779,-0.002045,0.811,0.109759,-0.087532,2.969213,80875059.2,CRITICAL
2004.02.18.11.52.39,0,0,0.11709,0.11709,-0.001936,0.881,0.117074,0.11709,-0.001936,0.881,0.117074,-0.150676,3.793874,92006802.6368,CRITICAL
2004.02.18.12.02.39,0,0,0.117801,0.117801,-0.001894,0.891,0.117785,0.117801,-0.001894,0.891,0.117785,-0.187153,3.841181,93126714.9824,CRITICAL
2004.02.18.12.12.39,0,0,0.11522,0.11522,-0.00236,0.991,0.115196,0.11522,-0.00236,0.991,0.115196,-0.198473,3.240872,89091076.66944,CRITICAL
2004.02.18.12.22.39,0,0,0.114761,0.114761,-0.001555,0.84,0.114751,0.114761,-0.001555,0.84,0.114751,-0.170798,3.294723,88383697.55136,CRITICAL
2004.02.18.12.32.39,0,0,0.114538,0.114538,-0.001353,0.84,0.11453,0.114538,-0.001353,0.84,0.11453,-0.126932,2.984406,88040035.9424,CRITICAL
2004.02.18.12.42.39,0,0,0.113446,0.113446,-0.002326,0.828,0.113422,0.113446,-0.002326,0.828,0.113422,-0.114365,2.834287,86368556.6464,CRITICAL
2004.02.18.12.52.39,0,0,0.11169,0.11169,-0.002458,0.818,0.111663,0.11169,-0.002458,0.818,0.111663,-0.127655,2.641259,83716347.41248,CRITICAL
2004.02.18.13.02.39,0,0,0.113215,0.113215,-0.002162,0.92,0.113194,0.113215,-0.002162,0.92,0.113194,-0.10692,3.072022,86017825.9968,CRITICAL
2004.02.18.13.12.39,0,0,0.114192,0.114192,-0.002118,0.859,0.114172,0.114192,-0.002118,0.859,0.114172,-0.108816,2.92001,87508037.14048,CRITICAL
2004.02.18.13.22.39,0,0,0.112618,0.112618,-0.001927,0.862,0.112602,0.112618,-0.001927,0.862,0.112602,-0.151846,3.000315,85113212.43648,CRITICAL
2004.02.18.13.32.39,0,0,0.112392,0.112392,-0.001605,0.823,0.11238,0.112392,-0.001605,0.823,0.11238,-0.12189,3.134706,84771506.74944,CRITICAL
2004.02.18.13.42.39,0,0,0.112934,0.112934,-0.002075,0.796,0.112915,0.112934,-0.002075,0.796,0.112915,-0.119232,2.86674,85590587.55584,CRITICAL
2004.02.18.13.52.39,0,0,0.114145,0.114145,-0.002031,0.933,0.114127,0.114145,-0.002031,0.933,0.114127,-0.174235,3.157312,87436895.0272,CRITICAL
2004.02.18.14.02.39,0,0,0.115134,0.115134,-0.002303,0.771,0.115111,0.115134,-0.002303,0.771,0.115111,-0.108447,2.863205,88958841.15968,CRITICAL
2004.02.18.14.12.39,0,0,0.114179,0.114179,-0.002128,0.974,0.114159,0.114179,-0.002128,0.974,0.114159,-0.058564,3.261686,87489141.06368,CRITICAL
2004.02.18.14.22.39,0,0,0.115502,0.115502,-0.00182,0.859,0.115488,0.115502,-0.00182,0.859,0.115488,-0.084992,3.260655,89528352.768,CRITICAL
2004.02.18.14.32.39,0,0,0.114599,0.114599,-0.001842,0.874,0.114584,0.114599,-0.001842,0.874,0.114584,-0.166903,3.279413,88133355.35616,CRITICAL
2004.02.18.14.42.39,0,0,0.118631,0.118631,-0.002064,0.918,0.118613,0.118631,-0.002064,0.918,0.118613,-0.139055,3.61591,94444174.21312,CRITICAL
2004.02.18.14.52.39,0,0,0.115304,0.115304,-0.002025,0.937,0.115286,0.115304,-0.002025,0.937,0.115286,-0.155337,3.477091,89221309.39904,CRITICAL
2004.02.18.15.02.39,0,0,0.111485,0.111485,-0.002265,0.894,0.111462,0.111485,-0.002265,0.894,0.111462,-0.110339,2.668896,83408324.68992,CRITICAL
2004.02.18.15.12.39,0,0,0.109969,0.109969,-0.001921,0.803,0.109952,0.109969,-0.001921,0.803,0.109952,-0.083695,1.832547,81156131.2256,CRITICAL
2004.02.18.15.22.39,0,0,0.108919,0.108919,-0.002245,0.73,0.108895,0.108919,-0.002245,0.73,0.108895,-0.072593,1.512804,79612945.28512,CRITICAL
2004.02.18.15.32.39,0,0,0.106045,0.106045,-0.00142,0.637,0.106035,0.106045,-0.00142,0.637,0.106035,-0.034502,1.125291,75467414.15936,CRITICAL
2004.02.18.15.42.39,0,0,0.106547,0.106547,-0.001995,0.703,0.106528,0.106547,-0.001995,0.703,0.106528,-0.025206,0.874628,76183425.8432,CRITICAL
2004.02.18.15.52.39,0,0,0.10615,0.10615,-0.00124,0.71,0.106142,0.10615,-0.00124,0.71,0.106142,-0.006356,1.007004,75616368.06656,CRITICAL
2004.02.18.16.02.39,0,0,0.104808,0.104808,-0.002441,0.706,0.104779,0.104808,-0.002441,0.706,0.104779,-0.005188,0.852034,73716629.58592,CRITICAL
2004.02.18.16.12.39,0,0,0.106696,0.106696,-0.002419,0.662,0.106669,0.106696,-0.002419,0.662,0.106669,0.015595,0.86571,76397374.01344,CRITICAL
2004.02.18.16.22.39,0,0,0.105598,0.105598,-0.001701,0.701,0.105584,0.105598,-0.001701,0.701,0.105584,0.04473,0.817707,74831986.85184,CRITICAL
2004.02.18.16.32.39,0,0,0.105904,0.105904,-0.001581,0.886,0.105892,0.105904,-0.001581,0.886,0.105892,0.023522,0.861897,75266953.13408,CRITICAL
2004.02.18.16.42.39,0,0,0.10914,0.10914,-0.002087,0.796,0.10912,0.10914,-0.002087,0.796,0.10912,0.033894,0.919566,79936534.20032,CRITICAL
2004.02.18.16.52.39,0,0,0.109275,0.109275,-0.001746,0.693,0.109261,0.109275,-0.001746,0.693,0.109261,0.015176,0.908951,80134847.20128,CRITICAL
2004.02.18.17.02.39,0,0,0.115377,0.115377,-0.00201,0.73,0.115359,0.115377,-0.00201,0.73,0.115359,-0.025086,1.17898,89333638.59456,CRITICAL
2004.02.18.17.12.39,0,0,0.117731,0.117731,-0.002152,0.708,0.117711,0.117731,-0.002152,0.708,0.117711,-0.064409,1.446502,93016630.64064,CRITICAL
2004.02.18.17.22.39,0,0,0.123044,0.123044,-0.001897,0.837,0.123029,0.123044,-0.001897,0.837,0.123029,-0.081219,2.128285,101601083.88352,CRITICAL
2004.02.18.17.32.39,0,0,0.127402,0.127402,-0.001766,0.75,0.127389,0.127402,-0.001766,0.75,0.127389,-0.140546,2.166929,108925386.01472,CRITICAL
2004.02.18.17.42.39,0,0,0.129731,0.129731,-0.001648,0.974,0.129721,0.129731,-0.001648,0.974,0.129721,-0.105018,2.591511,112945351.8848,CRITICAL
2004.02.18.17.52.39,0,0,0.13073,0.13073,-0.001707,0.776,0.130719,0.13073,-0.001707,0.776,0.130719,-0.146065,2.375529,114691199.87712,CRITICAL
2004.02.18.18.02.39,0,0,0.129578,0.129578,-0.002327,0.793,0.129557,0.129578,-0.002327,0.793,0.129557,-0.135919,2.601426,112679022.01856,CRITICAL
2004.02.18.18.12.39,0,0,0.126471,0.126471,-0.002099,0.774,0.126454,0.126471,-0.002099,0.774,0.126454,-0.08406,1.981309,107340735.2832,CRITICAL
2004.02.18.18.22.39,0,0,0.123278,0.123278,-0.001761,0.803,0.123266,0.123278,-0.001761,0.803,0.123266,-0.126577,1.734442,101988668.45696,CRITICAL
2004.02.18.18.32.39,0,0,0.128215,0.128215,-0.001813,0.85,0.128202,0.128215,-0.001813,0.85,0.128202,-0.146056,1.963147,110321115.46368,CRITICAL
2004.02.18.18.42.39,0,0,0.128503,0.128503,-0.002104,0.916,0.128486,0.128503,-0.002104,0.916,0.128486,-0.189299,2.357276,110817345.20832,CRITICAL
2004.02.18.18.52.39,0,0,0.128431,0.128431,-0.00243,0.776,0.128408,0.128431,-0.00243,0.776,0.128408,-0.186438,2.251297,110692636.75392,CRITICAL
2004.02.18.19.02.39,0,0,0.135585,0.135585,-0.002178,0.996,0.135568,0.135585,-0.002178,0.996,0.135568,-0.268487,3.154552,123368808.52992,CRITICAL
2004.02.18.19.12.39,0,0,0.130962,0.130962,-0.002057,0.791,0.130946,0.130962,-0.002057,0.791,0.130946,-0.216557,2.090889,115099165.81888,CRITICAL
2004.02.18.19.22.39,0,0,0.12838,0.12838,-0.001752,0.928,0.128368,0.12838,-0.001752,0.928,0.128368,-0.223125,2.180287,110605472.89088,CRITICAL
2004.02.18.19.32.39,0,0,0.12956,0.12956,-0.002018,0.872,0.129544,0.12956,-0.002018,0.872,0.129544,-0.203522,2.42948,112647193.3952,CRITICAL
2004.02.18.19.42.39,0,0,0.12921,0.12921,-0.002059,0.93,0.129193,0.12921,-0.002059,0.93,0.129193,-0.264802,2.52137,112039360.75776,CRITICAL
2004.02.18.19.52.39,0,0,0.131741,0.131741,-0.00174,0.894,0.131729,0.131741,-0.00174,0.894,0.131729,-0.289444,2.478474,116471354.9824,CRITICAL
2004.02.18.20.02.39,0,0,0.130996,0.130996,-0.001887,0.876,0.130982,0.130996,-0.001887,0.876,0.130982,-0.280888,2.234479,115158378.0864,CRITICAL
2004.02.18.20.12.39,0,0,0.137283,0.137283,-0.002263,0.959,0.137264,0.137283,-0.002263,0.959,0.137264,-0.316189,2.887539,126477059.6864,CRITICAL
2004.02.18.20.22.39,0,0,0.135893,0.135893,-0.001927,0.911,0.13588,0.135893,-0.001927,0.911,0.13588,-0.267929,2.329161,123929666.10944,CRITICAL
2004.02.18.20.32.39,0,0,0.133105,0.133105,-0.001849,0.94,0.133092,0.133105,-0.001849,0.94,0.133092,-0.170315,1.607041,118896161.75104,CRITICAL
2004.02.18.20.42.39,0,0,0.133627,0.133627,-0.001488,0.833,0.133619,0.133627,-0.001488,0.833,0.133619,-0.102308,1.355704,119831586.16064,CRITICAL
2004.02.18.20.52.39,0,0,0.130014,0.130014,-0.001863,0.854,0.130001,0.130014,-0.001863,0.854,0.130001,-0.049502,0.876594,113438525.0304,CRITICAL
2004.02.18.21.02.39,0,0,0.127102,0.127102,-0.002006,0.706,0.127087,0.127102,-0.002006,0.706,0.127087,-0.031193,0.848913,108414384.78336,CRITICAL
2004.02.18.21.12.39,0,0,0.129876,0.129876,-0.001793,0.779,0.129864,0.129876,-0.001793,0.779,0.129864,-0.001584,0.762591,113197636.64896,CRITICAL
2004.02.18.21.22.39,0,0,0.134573,0.134573,-0.001845,0.823,0.13456,0.134573,-0.001845,0.823,0.13456,-0.004315,0.855465,121532557.80352,CRITICAL
2004.02.18.21.32.39,0,0,0.131399,0.131399,-0.001943,0.725,0.131384,0.131399,-0.001943,0.725,0.131384,-0.008929,0.88225,115867775.22176,CRITICAL
2004.02.18.21.42.39,0,0,0.135584,0.135584,-0.002314,0.859,0.135564,0.135584,-0.002314,0.859,0.135564,-0.006198,1.146667,123366430.80192,CRITICAL
2004.02.18.21.52.39,0,0,0.141756,0.141756,-0.001933,0.947,0.141743,0.141756,-0.001933,0.947,0.141743,-0.011655,1.513195,134854057.1648,CRITICAL
2004.02.18.22.02.39,0,0,0.144782,0.144782,-0.001865,0.942,0.14477,0.144782,-0.001865,0.942,0.14477,-0.034802,1.784501,140673181.61408,CRITICAL
2004.02.18.22.12.39,0,0,0.15386,0.15386,-0.001974,1.003,0.153847,0.15386,-0.001974,1.003,0.153847,-0.072734,3.113439,158866336.80896,CRITICAL
2004.02.18.22.22.39,0,0,0.170777,0.170777,-0.001791,1.211,0.170768,0.170777,-0.001791,1.211,0.170768,-0.108677,5.353401,195721767.97696,CRITICAL
2004.02.18.22.32.39,0,0,0.146603,0.146603,-0.001613,1.064,0.146594,0.146603,-0.001613,1.064,0.146594,-0.108319,2.564474,144232412.3648,CRITICAL
2004.02.18.22.42.39,0,0,0.145954,0.145954,-0.001892,1.028,0.145941,0.145954,-0.001892,1.028,0.145941,-0.078215,2.047764,142958173.88032,CRITICAL
2004.02.18.22.52.39,0,0,0.147003,0.147003,-0.001982,0.964,0.146989,0.147003,-0.001982,0.964,0.146989,-0.106105,1.724359,145020547.072,CRITICAL
2004.02.18.23.02.39,0,0,0.135035,0.135035,-0.002004,0.798,0.13502,0.135035,-0.002004,0.798,0.13502,-0.012888,0.929766,122369950.59712,CRITICAL
2004.02.18.23.12.39,0,0,0.134746,0.134746,-0.002468,0.806,0.134723,0.134746,-0.002468,0.806,0.134723,-0.02862,0.898486,121845902.21312,CRITICAL
2004.02.18.23.22.39,0,0,0.137722,0.137722,-0.002362,0.937,0.137702,0.137722,-0.002362,0.937,0.137702,-0.068777,0.994632,127287517.51168,CRITICAL
2004.02.18.23.32.39,0,0,0.13608,0.13608,-0.001984,0.776,0.136065,0.13608,-0.001984,0.776,0.136065,0.050094,0.484306,124270196.65408,CRITICAL
2004.02.18.23.42.39,0,0,0.148296,0.148296,-0.001935,0.825,0.148283,0.148296,-0.001935,0.825,0.148283,-0.011234,1.314788,147583954.37056,CRITICAL
2004.02.18.23.52.39,0,0,0.144561,0.144561,-0.001937,0.83,0.144548,0.144561,-0.001937,0.83,0.144548,-0.017767,1.114307,140242772.29568,CRITICAL
2004.02.19.00.02.39,0,0,0.154545,0.154545,-0.00157,1.118,0.154537,0.154545,-0.00157,1.118,0.154537,-0.053122,2.384799,160284132.80256,CRITICAL
2004.02.19.00.12.39,0,0,0.146213,0.146213,-0.001833,1.021,0.146202,0.146213,-0.001833,1.021,0.146202,-0.070524,1.112882,143467243.52,CRITICAL
2004.02.19.00.22.39,0,0,0.138955,0.138955,-0.00196,0.894,0.138941,0.138955,-0.00196,0.894,0.138941,0.054375,0.574588,129576384.43008,CRITICAL
2004.02.19.00.32.39,0,0,0.133661,0.133661,-0.001964,0.869,0.133647,0.133661,-0.001964,0.869,0.133647,0.029189,0.596583,119892230.88128,CRITICAL
2004.02.19.00.42.39,0,0,0.133354,0.133354,-0.002424,0.769,0.133332,0.133354,-0.002424,0.769,0.133332,-0.104548,0.737816,119341163.56096,CRITICAL
2004.02.19.00.52.39,0,0,0.144337,0.144337,-0.001823,0.918,0.144326,0.144337,-0.001823,0.918,0.144326,-0.213392,1.099464,139809382.8096,CRITICAL
2004.02.19.01.02.39,0,0,0.158161,0.158161,-0.001682,1.091,0.158152,0.158161,-0.001682,1.091,0.158152,-0.180434,1.994369,167871554.10944,CRITICAL
2004.02.19.01.12.39,0,0,0.166227,0.166227,-0.002165,1.23,0.166213,0.166227,-0.002165,1.23,0.166213,-0.124478,2.530771,185430489.25184,CRITICAL
2004.02.19.01.22.39,0,0,0.146891,0.146891,-0.001974,0.759,0.146878,0.146891,-0.001974,0.759,0.146878,-0.110927,1.113642,144800602.27584,CRITICAL
2004.02.19.01.32.39,0,0,0.161516,0.161516,-0.002123,0.974,0.161502,0.161516,-0.002123,0.974,0.161502,-0.128161,2.064118,175070648.64768,CRITICAL
2004.02.19.01.42.39,0,0,0.143539,0.143539,-0.001748,0.862,0.143528,0.143539,-0.001748,0.862,0.143528,-0.148798,1.665688,138266516.6848,CRITICAL
2004.02.19.01.52.39,0,0,0.148821,0.148821,-0.001881,0.923,0.148809,0.148821,-0.001881,0.923,0.148809,-0.071674,2.076729,148629733.86752,CRITICAL
2004.02.19.02.02.39,0,0,0.141653,0.141653,-0.002002,0.808,0.141639,0.141653,-0.002002,0.808,0.141639,-0.116976,1.58014,134658698.69056,CRITICAL
2004.02.19.02.12.39,0,0,0.167903,0.167903,-0.002235,1.064,0.167888,0.167903,-0.002235,1.064,0.167888,-0.095954,3.302112,189189130.24,CRITICAL
2004.02.19.02.22.39,0,0,0.141576,0.141576,-0.001564,0.937,0.141567,0.141576,-0.001564,0.937,0.141567,-0.149933,1.674897,134511176.99072,CRITICAL
2004.02.19.02.32.39,0,0,0.16377,0.16377,-0.002808,1.113,0.163746,0.16377,-0.002808,1.113,0.163746,-0.010857,1.343615,179991007.15008,CRITICAL
2004.02.19.02.42.39,0,0,0.184409,0.184409,-0.001976,1.301,0.184398,0.184409,-0.001976,1.301,0.184398,-0.037436,1.241694,228214286.17216,CRITICAL
2004.02.19.02.52.39,0,0,0.180441,0.180441,-0.002354,1.062,0.180426,0.180441,-0.002354,1.062,0.180426,0.036066,0.616169,218499536.24064,CRITICAL
2004.02.19.03.02.39,0,0,0.166465,0.166465,-0.002059,1.023,0.166452,0.166465,-0.002059,1.023,0.166452,0.089906,1.426049,185962778.2144,CRITICAL
2004.02.19.03.12.39,0,0,0.167231,0.167231,-0.001578,0.991,0.167223,0.167231,-0.001578,0.991,0.167223,0.130104,1.693085,187677000.66304,CRITICAL
2004.02.19.03.22.39,0,0,0.197638,0.197638,-0.001531,1.199,0.197632,0.197638,-0.001531,1.199,0.197632,-0.131839,2.200173,262131647.2832,CRITICAL
2004.02.19.03.32.39,0,0,0.197033,0.197033,-0.00185,1.162,0.197024,0.197033,-0.00185,1.162,0.197024,0.018641,1.612191,260529980.6208,CRITICAL
2004.02.19.03.42.39,0,0,0.217104,0.217104,-0.002004,1.257,0.217095,0.217104,-0.002004,1.257,0.217095,-0.017304,1.85301,316312701.41952,CRITICAL
2004.02.19.03.52.39,0,0,0.196871,0.196871,-0.001812,1.086,0.196862,0.196871,-0.001812,1.086,0.196862,0.035829,2.048604,260100999.49568,CRITICAL
2004.02.19.04.02.39,0,0,0.204072,0.204072,-0.001749,2.28,0.204065,0.204072,-0.001749,2.28,0.204065,-0.098782,4.997501,279478422.81472,CRITICAL
2004.02.19.04.12.39,0,0,0.229353,0.229353,-0.002683,2.583,0.229338,0.229353,-0.002683,2.583,0.229338,-0.209328,5.04519,353012752.384,CRITICAL
2004.02.19.04.22.39,0,0,0.262911,0.262911,-0.002203,3.635,0.262902,0.262911,-0.002203,3.635,0.262902,-0.046334,13.566059,463870933.07392,CRITICAL
2004.02.19.04.32.39,0,0,0.244794,0.244794,-0.002366,2.678,0.244783,0.244794,-0.002366,2.678,0.244783,-0.029394,9.225172,402144349.3888,CRITICAL
2004.02.19.04.42.39,0,0,0.215158,0.215158,-0.002254,3.469,0.215146,0.215158,-0.002254,3.469,0.215146,-0.073259,23.553628,310666018.48832,CRITICAL
2004.02.19.04.52.39,0,0,0.265052,0.265052,-0.00264,3.12,0.265038,0.265052,-0.00264,3.12,0.265038,-0.550346,9.886786,471455192.2688,CRITICAL
2004.02.19.05.02.39,0,0,0.365668,0.365668,-0.000461,5.0,0.365668,0.365668,-0.000461,5.0,0.365668,-1.151608,45.89225,897335319.7568,CRITICAL
2004.02.19.05.12.39,0,0,0.299372,0.299372,-0.003114,4.25,0.299356,0.299372,-0.003114,4.25,0.299356,-0.577097,28.88979,601455585.19808,CRITICAL
2004.02.19.05.22.39,0,0,0.261066,0.261066,-0.002478,3.066,0.261055,0.261066,-0.002478,3.066,0.261055,-0.177465,7.156063,457384664.18688,CRITICAL
2004.02.19.05.32.39,0,0,0.235038,0.235038,-0.001897,2.317,0.23503,0.235038,-0.001897,2.317,0.23503,-0.118655,3.81373,370728216.65792,CRITICAL
2004.02.19.05.42.39,0,0,0.39509,0.39509,-0.00211,5.0,0.395084,0.39509,-0.00211,5.0,0.395084,-0.766093,41.332032,1047542696.18176,CRITICAL
2004.02.19.05.52.39,0,0,0.26827,0.26827,-0.002515,2.881,0.268259,0.26827,-0.002515,2.881,0.268259,-0.388468,12.198866,482976138.36288,CRITICAL
2004.02.19.06.02.39,0,0,0.284502,0.284502,-0.002003,3.696,0.284495,0.284502,-0.002003,3.696,0.284495,-0.408766,13.85695,543189399.22432,CRITICAL
2004.02.19.06.12.39,0,0,0.003194,0.003194,0.002757,0.007,0.001612,0.003194,0.002757,0.007,0.001612,0.343039,-1.002043,68463.98464,CRITICAL
2004.02.19.06.22.39,0,0,0.001568,0.001568,-0.001055,0.005,0.001159,0.001568,-0.001055,0.005,0.001159,-0.492892,0.459431,16489.51296,CRITICAL
